-- phpMyAdmin SQL Dump
-- version 5.2.1
-- https://www.phpmyadmin.net/
--
-- Host: 127.0.0.1
-- Generation Time: Nov 19, 2024 at 04:02 PM
-- Server version: 10.4.32-MariaDB
-- PHP Version: 8.0.30

SET SQL_MODE = "NO_AUTO_VALUE_ON_ZERO";
START TRANSACTION;
SET time_zone = "+00:00";


/*!40101 SET @OLD_CHARACTER_SET_CLIENT=@@CHARACTER_SET_CLIENT */;
/*!40101 SET @OLD_CHARACTER_SET_RESULTS=@@CHARACTER_SET_RESULTS */;
/*!40101 SET @OLD_COLLATION_CONNECTION=@@COLLATION_CONNECTION */;
/*!40101 SET NAMES utf8mb4 */;

--
-- Database: `e_com`
--

-- --------------------------------------------------------

--
-- Table structure for table `carts`
--

CREATE TABLE `carts` (
  `cart_id` int(11) NOT NULL,
  `user_id` int(11) NOT NULL
) ENGINE=InnoDB DEFAULT CHARSET=utf8mb4 COLLATE=utf8mb4_general_ci;

--
-- Dumping data for table `carts`
--

INSERT INTO `carts` (`cart_id`, `user_id`) VALUES
(1, 1),
(2, 2),
(3, 3),
(4, 4),
(11, 10);

-- --------------------------------------------------------

--
-- Table structure for table `cart_items`
--

CREATE TABLE `cart_items` (
  `cart_item_id` int(11) NOT NULL,
  `cart_id` int(11) NOT NULL,
  `product_id` int(11) NOT NULL,
  `quantity` int(11) NOT NULL,
  `size` varchar(50) DEFAULT NULL
) ENGINE=InnoDB DEFAULT CHARSET=utf8mb4 COLLATE=utf8mb4_general_ci;

--
-- Dumping data for table `cart_items`
--

INSERT INTO `cart_items` (`cart_item_id`, `cart_id`, `product_id`, `quantity`, `size`) VALUES
(8, 11, 11001, 2, 'S');

-- --------------------------------------------------------

--
-- Table structure for table `categories`
--

CREATE TABLE `categories` (
  `category_id` int(11) NOT NULL,
  `category_name` varchar(100) NOT NULL,
  `created_at` datetime NOT NULL DEFAULT current_timestamp(),
  `parent_category_id` int(11) DEFAULT NULL,
  `category_image_url` varchar(255) DEFAULT NULL
) ENGINE=InnoDB DEFAULT CHARSET=utf8mb4 COLLATE=utf8mb4_general_ci;

--
-- Dumping data for table `categories`
--

INSERT INTO `categories` (`category_id`, `category_name`, `created_at`, `parent_category_id`, `category_image_url`) VALUES
(1, 'Quần', '2024-11-04 13:20:14', NULL, NULL),
(2, 'Áo', '2024-11-04 13:20:14', NULL, NULL),
(3, 'Phụ Kiện', '2024-11-04 13:20:14', NULL, NULL),
(4, 'Giày', '2024-11-04 13:20:14', NULL, NULL),
(1000, 'Quần Dài', '2024-11-04 13:20:14', 1, NULL),
(1001, 'Quần Short', '2024-11-04 13:20:14', 1, NULL),
(1002, 'Quần Jeans', '2024-11-04 13:20:14', 1, NULL),
(1003, 'Quần Thể Thao', '2024-11-04 13:20:14', 1, NULL),
(1004, 'Quần Bơi', '2024-11-04 13:20:14', 1, NULL),
(2000, 'Áo Sơ Mi', '2024-11-04 13:20:14', 2, NULL),
(2001, 'Áo Polo', '2024-11-04 13:20:14', 2, NULL),
(2002, 'Áo Dài Tay', '2024-11-04 13:20:14', 2, NULL),
(2003, 'Áo Thun', '2024-11-04 13:20:14', 2, NULL),
(2004, 'Áo Khoác', '2024-11-04 13:20:14', 2, NULL),
(3000, 'Balo', '2024-11-04 13:20:14', 3, NULL),
(3001, 'Tất', '2024-11-04 13:20:14', 3, NULL),
(3002, 'Nón', '2024-11-04 13:20:14', 3, NULL),
(4000, 'Giày Chạy Bộ', '2024-11-04 13:20:14', 4, NULL),
(4001, 'Giày Tennis', '2024-11-04 13:20:14', 4, NULL),
(4002, 'Giày Golf', '2024-11-04 13:20:14', 4, NULL),
(4003, 'Dép', '2024-11-04 13:20:14', 4, NULL),
(4004, 'Giày Bóng Đá', '2024-11-04 13:20:14', 4, NULL);

-- --------------------------------------------------------

--
-- Table structure for table `orders`
--

CREATE TABLE `orders` (
  `order_id` int(11) NOT NULL,
  `user_id` int(11) NOT NULL,
  `address_id` int(11) DEFAULT NULL,
  `payment_method_id` int(11) DEFAULT NULL,
  `order_status` enum('Pending','Shipped','Delivered','Cancelled') NOT NULL,
  `total_amount` decimal(10,2) NOT NULL,
  `created_at` datetime NOT NULL DEFAULT current_timestamp()
) ENGINE=InnoDB DEFAULT CHARSET=utf8mb4 COLLATE=utf8mb4_general_ci;

--
-- Dumping data for table `orders`
--

INSERT INTO `orders` (`order_id`, `user_id`, `address_id`, `payment_method_id`, `order_status`, `total_amount`, `created_at`) VALUES
(3, 5, 4, 5, 'Pending', 1000.00, '2024-11-19 21:56:36'),
(4, 5, 4, 11, 'Pending', 3440.00, '2024-11-19 22:01:48');

-- --------------------------------------------------------

--
-- Table structure for table `order_items`
--

CREATE TABLE `order_items` (
  `order_item_id` int(11) NOT NULL,
  `order_id` int(11) NOT NULL,
  `product_id` int(11) NOT NULL,
  `size` varchar(50) DEFAULT NULL,
  `quantity` int(11) NOT NULL,
  `price` decimal(10,2) NOT NULL
) ENGINE=InnoDB DEFAULT CHARSET=utf8mb4 COLLATE=utf8mb4_general_ci;

--
-- Dumping data for table `order_items`
--

INSERT INTO `order_items` (`order_item_id`, `order_id`, `product_id`, `size`, `quantity`, `price`) VALUES
(4, 3, 11002, 'S', 1, 450.00),
(5, 3, 11007, 'L', 1, 550.00),
(7, 4, 22007, 'L', 2, 320.00),
(8, 4, 11006, 'XL', 4, 700.00);

-- --------------------------------------------------------

--
-- Table structure for table `products`
--

CREATE TABLE `products` (
  `product_id` int(11) NOT NULL,
  `name` varchar(100) NOT NULL,
  `description` text NOT NULL,
  `price` decimal(10,2) NOT NULL,
  `category_id` int(11) NOT NULL,
  `created_at` datetime NOT NULL DEFAULT current_timestamp()
) ENGINE=InnoDB DEFAULT CHARSET=utf8mb4 COLLATE=utf8mb4_general_ci;

--
-- Dumping data for table `products`
--

INSERT INTO `products` (`product_id`, `name`, `description`, `price`, `category_id`, `created_at`) VALUES
(11001, 'Quần dài nam ECC Ripstop Pants', 'Quần dài nam ECC Ripstop Pants\nChất liệu cao cấp, thoáng mát.\nThiết kế thời trang và thoải mái.', 499.00, 1000, '2024-11-04 13:34:49'),
(11002, 'Quần dài kaki ECC Pants', 'Quần dài kaki ECC Pants\nDễ phối đồ, phù hợp cho nhiều dịp.\nChất liệu kaki bền đẹp.', 450.00, 1000, '2024-11-04 13:34:49'),
(11003, 'Quần Dài Nam ECC Warp Pants dáng Tape', 'Quần Dài Nam ECC Warp Pants dáng Tape\nPhong cách thể thao, cá tính.\nThích hợp cho các hoạt động ngoài trời.', 520.00, 1000, '2024-11-04 13:34:49'),
(11004, 'Quần Dài Nam UT Pants V2', 'Quần Dài Nam UT Pants V2\nThiết kế ôm vừa, mang lại sự thoải mái.\nChất liệu mềm mại và dễ chịu.', 600.00, 1000, '2024-11-04 13:34:49'),
(11005, 'Quần Dài Nam ECC Warp Pants dáng Slim', 'Quần Dài Nam ECC Warp Pants dáng Slim\nThời trang, phù hợp cho cả đi làm và đi chơi.\nChất liệu cao cấp, bền đẹp.', 650.00, 1000, '2024-11-04 13:34:49'),
(11006, 'Quần Dài Nam Kaki Excool dáng Straight', 'Quần Dài Nam Kaki Excool dáng Straight\nPhong cách lịch lãm, dễ dàng phối đồ.\nChất liệu kaki thoáng khí.', 700.00, 1000, '2024-11-04 13:34:49'),
(11007, 'Quần Jogger Nam UT đa năng', 'Quần Jogger Nam UT đa năng\nThiết kế trẻ trung, tiện dụng.\nPhù hợp cho các hoạt động thể thao và đi chơi.', 550.00, 1000, '2024-11-04 13:34:49'),
(12001, 'Quần shorts ECC Ripstop', 'Quần shorts ECC Ripstop\nChất liệu nhẹ, thoáng mát cho mùa hè.\nThiết kế thể thao, năng động.', 300.00, 1001, '2024-11-04 13:34:49'),
(12002, 'Quần Shorts Summer Cool 5 inch', 'Quần Shorts Summer Cool 5 inch\nMang lại cảm giác thoải mái trong mùa hè.\nDễ dàng phối với áo thun.', 250.00, 1001, '2024-11-04 13:34:49'),
(12003, 'Quần Shorts Daily Casual', 'Quần Shorts Daily Casual\nThời trang và thoải mái cho hàng ngày.\nChất liệu bền, dễ giặt.', 280.00, 1001, '2024-11-04 13:34:49'),
(12004, 'Quần Shorts Nam Daily Short', 'Quần Shorts Nam Daily Short\nThiết kế trẻ trung, năng động.\nThích hợp cho mọi hoạt động.', 320.00, 1001, '2024-11-04 13:34:49'),
(12005, 'Quần Shorts Nam New French Terry V2', 'Quần Shorts Nam New French Terry V2\nChất liệu mềm mại, dễ chịu khi mặc.\nThiết kế đơn giản nhưng thời trang.', 350.00, 1001, '2024-11-04 13:34:49'),
(12006, 'Quần Shorts Summer Cool 7 inch', 'Quần Shorts Summer Cool 7 inch\nThời trang và thoáng mát cho mùa hè.\nDễ dàng phối với nhiều kiểu áo.', 370.00, 1001, '2024-11-04 13:34:49'),
(12007, 'Quân Daily Short Excool V2', 'Quân Daily Short Excool V2\nThiết kế đơn giản, tiện lợi cho mọi hoạt động.\nChất liệu thoáng khí, dễ chịu.', 400.00, 1001, '2024-11-04 13:34:49'),
(13001, 'Quần Jeans Nam Copper Denim Straight', 'Quần Jeans Nam Copper Denim Straight\nChất liệu denim chắc chắn và bền bỉ.\nPhong cách cá tính, dễ dàng phối đồ.', 800.00, 1002, '2024-11-04 13:34:49'),
(13002, 'Quần Jeans Nam siêu nhẹ', 'Quần Jeans Nam siêu nhẹ\nMang lại cảm giác thoải mái khi mặc.\nThích hợp cho các hoạt động hàng ngày.', 850.00, 1002, '2024-11-04 13:34:49'),
(13003, 'Quần Jeans Nam Basics dáng Straight', 'Quần Jeans Nam Basics dáng Straight\nPhong cách đơn giản nhưng không kém phần thời trang.\nChất liệu bền đẹp.', 780.00, 1002, '2024-11-04 13:34:49'),
(13004, 'Quần Jeans Nam Copper Denim Slim Fit', 'Quần Jeans Nam Copper Denim Slim Fit\nThiết kế ôm vừa, thời trang.\nChất liệu denim cao cấp.', 900.00, 1002, '2024-11-04 13:34:49'),
(13005, 'Quần Jeans Nam Copper Denim OG Slim', 'Quần Jeans Nam Copper Denim OG Slim\nPhong cách trẻ trung, hiện đại.\nChất liệu denim bền bỉ.', 950.00, 1002, '2024-11-04 13:34:49'),
(13006, 'Quần Jeans Nam Basics dáng Slim fit', 'Quần Jeans Nam Basics dáng Slim fit\nDễ dàng phối đồ cho nhiều phong cách.\nChất liệu thoáng mát và thoải mái.', 880.00, 1002, '2024-11-04 13:34:49'),
(14001, 'Quần Shorts chạy bộ Advanced Vent Tech', 'Quần Shorts chạy bộ Advanced Vent Tech\nChất liệu thoáng khí, thiết kế năng động.\nPhù hợp cho các hoạt động thể thao.', 400.00, 1003, '2024-11-04 13:34:49'),
(14002, 'Quần Jogger Thể Thao ExDry', 'Quần Jogger Thể Thao ExDry\nDễ dàng vận động, chất liệu thoáng khí.\nPhong cách thể thao, năng động.', 600.00, 1003, '2024-11-04 13:34:49'),
(14003, 'Quần shorts 6 inch Racquet Sports', 'Quần shorts 6 inch Racquet Sports\nThiết kế thoáng mát, phù hợp cho mùa hè.\nChất liệu nhẹ, dễ chịu.', 350.00, 1003, '2024-11-04 13:34:49'),
(14004, 'Quần Shorts Chạy Bộ Ultra Fast & Free II', 'Quần Shorts Chạy Bộ Ultra Fast & Free II\nThiết kế chuyên dụng cho chạy bộ.\nChất liệu thoáng khí, giúp thoải mái.', 450.00, 1003, '2024-11-04 13:34:49'),
(14005, 'Quần Jogger Nam UT đa năng', 'Quần Jogger Nam UT đa năng\nPhong cách thể thao, dễ dàng phối đồ.\nChất liệu mềm mại, thoải mái.', 500.00, 1003, '2024-11-04 13:34:49'),
(14006, 'Quần Shorts Nam Thể Thao Active logo', 'Quần Shorts Nam Thể Thao Active logo\nThiết kế năng động, phù hợp cho các hoạt động thể thao.\nChất liệu thoáng khí.', 420.00, 1003, '2024-11-04 13:34:49'),
(14007, 'Quần Shorts Chạy Bộ Economy II', 'Quần Shorts Chạy Bộ Economy II\nThiết kế đơn giản, thoải mái.\nThích hợp cho các hoạt động chạy bộ.', 430.00, 1003, '2024-11-04 13:34:49'),
(15001, 'Quần bơi Trunk Summer Cool 5 inch cạp rời_01 đỏ rượu', 'Quần bơi Trunk Summer Cool 5 inch cạp rời_01 đỏ rượu\nChất liệu nhẹ, thoáng mát.\nThiết kế thời trang, dễ dàng phối.', 250.00, 1004, '2024-11-04 13:34:49'),
(15002, 'Quần bơi Trunk Summer Cool 5 inch cạp rời_03 xanh', 'Quần bơi Trunk Summer Cool 5 inch cạp rời_03 xanh\nMang lại cảm giác thoải mái khi bơi.\nChất liệu bền đẹp.', 260.00, 1004, '2024-11-04 13:34:49'),
(15003, 'Quần Bơi Summer Cool 9 inch_01 xanh đen', 'Quần Bơi Summer Cool 9 inch_01 xanh đen\nChất liệu thoáng khí, thoải mái khi mặc.\nThiết kế năng động, trẻ trung.', 270.00, 1004, '2024-11-04 13:34:49'),
(15004, 'Quần bơi Summer Cool 5 inch_01 xanh đen', 'Quần bơi Summer Cool 5 inch_01 xanh đen\nThiết kế đẹp, thoáng mát cho mùa hè.\nChất liệu chất lượng cao.', 280.00, 1004, '2024-11-04 13:34:49'),
(15005, 'Quần bơi summer Cool 5 inch_02 đen xanh', 'Quần bơi summer Cool 5 inch_02 đen xanh\nThiết kế cá tính, năng động.\nChất liệu thoáng khí, dễ chịu.', 290.00, 1004, '2024-11-04 13:34:49'),
(15006, 'Quần Bơi Summer Cool 9 inch_01 đen xanh', 'Quần Bơi Summer Cool 9 inch_01 đen xanh\nChất liệu thoáng khí, phù hợp cho bơi lội.\nThiết kế đẹp mắt.', 280.00, 1004, '2024-11-04 13:34:49'),
(15007, 'Quần bơi Trunk Summer Cool 5 inch cạp rời_02 đen', 'Quần bơi Trunk Summer Cool 5 inch cạp rời_02 đen\nMang lại cảm giác thoải mái và tự tin.\nThiết kế năng động, trẻ trung.', 250.00, 1004, '2024-11-04 13:34:49'),
(21001, 'Áo Sơ Mi Dài Tay Premium Dobby', 'Áo Sơ Mi Dài Tay Premium Dobby\nChất liệu cao cấp, mang lại sự thoải mái.\nThiết kế sang trọng và lịch lãm.', 600.00, 2000, '2024-11-04 13:39:23'),
(21002, 'Áo sơ mi dài tay Oxford Premium', 'Áo sơ mi dài tay Oxford Premium\nThiết kế cổ điển, dễ dàng phối đồ.\nChất liệu thoáng mát, phù hợp cho mùa hè.', 650.00, 2000, '2024-11-04 13:39:23'),
(21003, 'Áo sơ mi dài tay Modal Essential', 'Áo sơ mi dài tay Modal Essential\nChất liệu Modal mềm mại, thoải mái khi mặc.\nPhù hợp cho cả đi làm và đi chơi.', 700.00, 2000, '2024-11-04 13:39:23'),
(21004, 'Áo Sơ Mi Dài Tay Essentials Cotton', 'Áo Sơ Mi Dài Tay Essentials Cotton\nDễ dàng phối với quần tây hoặc jeans.\nChất liệu cotton cao cấp, thoáng khí.', 620.00, 2000, '2024-11-04 13:39:23'),
(21005, 'Áo sơ mi dài tay cổ tàu Premium Poplin', 'Áo sơ mi dài tay cổ tàu Premium Poplin\nThiết kế hiện đại, trẻ trung.\nChất liệu bền bỉ và dễ giặt.', 580.00, 2000, '2024-11-04 13:39:23'),
(21006, 'Áo Sơ mi dài tay Café-DriS', 'Áo Sơ mi dài tay Café-DriS\nMang lại cảm giác thoải mái và dễ chịu.\nPhong cách năng động, trẻ trung.', 550.00, 2000, '2024-11-04 13:39:23'),
(22001, 'Áo Polo Thể Thao Active Premium', 'Áo Polo Thể Thao Active Premium\nChất liệu thoáng khí, thích hợp cho thể thao.\nThiết kế năng động và thời trang.', 500.00, 2001, '2024-11-04 13:39:23'),
(22002, 'Áo Polo Nam Ice Cooling', 'Áo Polo Nam Ice Cooling\nGiúp giữ mát cơ thể trong mùa hè.\nChất liệu nhẹ và thoáng khí.', 520.00, 2001, '2024-11-04 13:39:23'),
(22003, 'Áo Polo Nam Thể Thao Promax-S1', 'Áo Polo Nam Thể Thao Promax-S1\nPhong cách thể thao, phù hợp với mọi hoạt động.\nChất liệu co giãn và thoải mái.', 540.00, 2001, '2024-11-04 13:39:23'),
(22004, 'Áo Polo Nam Pique Cotton', 'Áo Polo Nam Pique Cotton\nThiết kế đơn giản nhưng không kém phần lịch lãm.\nChất liệu cotton cao cấp, bền đẹp.', 560.00, 2001, '2024-11-04 13:39:23'),
(22005, 'Áo Polo Thể Thao Pro Active 1595', 'Áo Polo Thể Thao Pro Active 1595\nThiết kế thể thao, năng động.\nChất liệu thoáng mát, thích hợp cho mùa hè.', 580.00, 2001, '2024-11-04 13:39:23'),
(22006, 'Áo Polo Nam Cafe - OUTLET', 'Áo Polo Nam Cafe - OUTLET\nChất liệu bền bỉ, giá cả phải chăng.\nThiết kế trẻ trung và hiện đại.', 300.00, 2001, '2024-11-04 13:39:23'),
(22007, 'Áo Polo nam Excool - Outlet', 'Áo Polo nam Excool - Outlet\nChất liệu thoáng khí, giá cả ưu đãi.\nPhong cách năng động, dễ dàng phối đồ.', 320.00, 2001, '2024-11-04 13:39:23'),
(23001, 'Áo giữ nhiệt Essential Brush Poly cổ thấp', 'Áo giữ nhiệt Essential Brush Poly cổ thấp\nGiúp giữ ấm trong những ngày lạnh giá.\nChất liệu mềm mại, thoải mái.', 450.00, 2002, '2024-11-04 13:39:23'),
(23002, 'Áo Sweater Fleece', 'Áo Sweater Fleece\nThiết kế ấm áp, thích hợp cho mùa đông.\nChất liệu bền đẹp, dễ giặt.', 500.00, 2002, '2024-11-04 13:39:23'),
(23003, 'Áo Polo Nam dài tay Essentials', 'Áo Polo Nam dài tay Essentials\nChất liệu cotton mềm mại, dễ chịu.\nThiết kế lịch lãm, phù hợp cho mọi dịp.', 600.00, 2002, '2024-11-04 13:39:23'),
(23004, 'Áo giữ nhiệt Ex-Warm Lenzing Modal cổ cao', 'Áo giữ nhiệt Ex-Warm Lenzing Modal cổ cao\nGiữ ấm và thoải mái trong mùa đông.\nChất liệu Modal bền đẹp.', 650.00, 2002, '2024-11-04 13:39:23'),
(23005, 'Áo giữ nhiệt Essential Brush Poly cổ trung', 'Áo giữ nhiệt Essential Brush Poly cổ trung\nDễ dàng phối với nhiều trang phục khác nhau.\nChất liệu ấm áp, dễ giặt.', 600.00, 2002, '2024-11-04 13:39:23'),
(23006, 'Áo Nỉ chui đầu Essentials', 'Áo Nỉ chui đầu Essentials\nThiết kế đơn giản, dễ mặc và thoải mái.\nChất liệu ấm áp, thích hợp cho mùa đông.', 550.00, 2002, '2024-11-04 13:39:23'),
(23007, 'Áo dài tay Cotton Compact', 'Áo dài tay Cotton Compact\nChất liệu cotton mềm mại, thoáng khí.\nThiết kế thanh lịch, phù hợp cho mọi dịp.', 700.00, 2002, '2024-11-04 13:39:23'),
(24001, 'Áo Thun Nam Cotton 220GSM', 'Áo Thun Nam Cotton 220GSM\nChất liệu cotton 220GSM, thoáng mát.\nThiết kế đơn giản, dễ dàng phối đồ.', 300.00, 2003, '2024-11-04 13:39:23'),
(24002, 'Áo thun nam Excool logo Coolmate', 'Áo thun nam Excool logo Coolmate\nChất liệu thoáng khí, thích hợp cho mùa hè.\nThiết kế thời trang và năng động.', 320.00, 2003, '2024-11-04 13:39:23'),
(24003, 'Áo thun nam Cotton Compact', 'Áo thun nam Cotton Compact\nThiết kế trẻ trung, phù hợp cho mọi hoạt động.\nChất liệu bền đẹp và thoải mái.', 280.00, 2003, '2024-11-04 13:39:23'),
(24004, 'Áo Thun Thỏ 7 Màu Quăn', 'Áo Thun Thỏ 7 Màu Quăn\nChất liệu thoáng khí, thiết kế vui nhộn.\nThích hợp cho trẻ em và người lớn.', 300.00, 2003, '2024-11-04 13:39:23'),
(24005, 'Áo thun Cotton Compact Trạm Phóng Tương Lai S2', 'Áo thun Cotton Compact Trạm Phóng Tương Lai S2\nThiết kế trẻ trung, hiện đại.\nChất liệu dễ chịu, thoáng khí.', 290.00, 2003, '2024-11-04 13:39:23'),
(24006, 'Áo Thun Thỏ 7 Màu chị Xô', 'Áo Thun Thỏ 7 Màu chị Xô\nChất liệu thoáng khí, thiết kế dễ thương.\nPhù hợp cho mùa hè.', 280.00, 2003, '2024-11-04 13:39:23'),
(25001, 'Áo Khoác Knit Đa Năng Chống UV', 'Áo Khoác Knit Đa Năng Chống UV\nChất liệu chống nắng, thích hợp cho mùa hè.\nThiết kế đa năng, dễ dàng phối đồ.', 800.00, 2004, '2024-11-04 13:39:23'),
(25002, 'Áo phao nhẹ Ultrawarm', 'Áo phao nhẹ Ultrawarm\nGiúp giữ ấm trong mùa đông.\nThiết kế gọn nhẹ, dễ dàng mang theo.', 950.00, 2004, '2024-11-04 13:39:23'),
(25003, 'Áo Khoác Nam Thể Thao Pro Active', 'Áo Khoác Nam Thể Thao Pro Active\nChất liệu thoáng khí, thiết kế năng động.\nThích hợp cho các hoạt động thể thao.', 700.00, 2004, '2024-11-04 13:39:23'),
(25004, 'Áo Hoodie Essential', 'Áo Hoodie Essential\nThiết kế thoải mái, ấm áp cho mùa đông.\nChất liệu bền đẹp, dễ giặt.', 750.00, 2004, '2024-11-04 13:39:23'),
(25005, 'Áo Khoác Nam gilet phao Puffer', 'Áo Khoác Nam gilet phao Puffer\nThiết kế trẻ trung, phong cách.\nChất liệu giữ ấm tốt, thích hợp cho mùa đông.', 900.00, 2004, '2024-11-04 13:39:23'),
(25006, 'Áo Khoác Nam có mũ Daily Wear', 'Áo Khoác Nam có mũ Daily Wear\nThiết kế đơn giản, dễ dàng phối đồ.\nChất liệu thoáng khí, phù hợp cho mùa thu.', 650.00, 2004, '2024-11-04 13:39:23'),
(25007, 'Áo khoác chạy bộ có mũ fast and Free', 'Áo khoác chạy bộ có mũ fast and Free\nChất liệu thoáng khí, thích hợp cho chạy bộ.\nThiết kế trẻ trung, năng động.', 700.00, 2004, '2024-11-04 13:39:23'),
(31001, 'Túi tote 84RISING Donald 90th', 'Túi tote 84RISING Donald 90th\nChất liệu bền bỉ, thiết kế thời trang.\nPhù hợp cho đi học và đi chơi.', 350.00, 3000, '2024-11-04 13:42:16'),
(31002, 'Túi UT Duffle size lớn 38L', 'Túi UT Duffle size lớn 38L\nThiết kế tiện lợi cho việc đi du lịch.\nChất liệu chống nước, bền bỉ.', 650.00, 3000, '2024-11-04 13:42:16'),
(31003, 'Túi UT Duffle size vừa 18L', 'Túi UT Duffle size vừa 18L\nDễ dàng mang theo mọi lúc mọi nơi.\nChất liệu nhẹ và thoáng khí.', 500.00, 3000, '2024-11-04 13:42:16'),
(31004, 'Túi Tote Canvas in logo Coolmate', 'Túi Tote Canvas in logo Coolmate\nThiết kế đơn giản nhưng hiện đại.\nChất liệu canvas bền, dễ giặt.', 400.00, 3000, '2024-11-04 13:42:16'),
(31005, 'Túi Tote 84RISING Typo', 'Túi Tote 84RISING Typo\nChất liệu chắc chắn, kiểu dáng trẻ trung.\nPhù hợp cho các buổi dã ngoại hoặc đi học.', 450.00, 3000, '2024-11-04 13:42:16'),
(31006, 'Túi trống Tập Gym', 'Túi trống Tập Gym\nThiết kế tiện lợi cho các buổi tập gym.\nChất liệu chống nước, dễ dàng vệ sinh.', 600.00, 3000, '2024-11-04 13:42:16'),
(31007, 'Túi Coolmate Clean Bag', 'Túi Coolmate Clean Bag\nDễ dàng mang theo mọi nơi, giữ cho đồ dùng sạch sẽ.\nThiết kế gọn nhẹ, tiện dụng.', 300.00, 3000, '2024-11-04 13:42:16'),
(32001, 'Combo 4 Đôi Tất Nam chạy bộ', 'Combo 4 Đôi Tất Nam chạy bộ\nChất liệu thoáng khí, thiết kế thoải mái.\nPhù hợp cho các hoạt động thể thao.', 200.00, 3001, '2024-11-04 13:42:16'),
(32002, 'Pack 3 Tất Active cổ ngắn', 'Pack 3 Tất Active cổ ngắn\nThiết kế năng động, giúp thoáng chân.\nChất liệu co giãn, dễ giặt.', 180.00, 3001, '2024-11-04 13:42:16'),
(32003, 'Tất Nam Thể Thao Cổ Dài', 'Tất Nam Thể Thao Cổ Dài\nGiúp giữ ấm chân trong mùa đông.\nChất liệu mềm mại, thoải mái khi mang.', 250.00, 3001, '2024-11-04 13:42:16'),
(32004, 'Tất bóng đá cổ cao', 'Tất bóng đá cổ cao\nThiết kế ôm chân, tăng cường hiệu suất chơi.\nChất liệu thoáng khí và thấm mồ hôi.', 220.00, 3001, '2024-11-04 13:42:16'),
(32005, 'Combo 10 Đôi Tất Nam Basics', 'Combo 10 Đôi Tất Nam Basics\nChất liệu mềm mại, thoáng khí.\nGiá cả phải chăng, thích hợp cho mọi hoạt động.', 300.00, 3001, '2024-11-04 13:42:16'),
(32006, 'Tất Nam Cổ Trung Tập Gym Essentials', 'Tất Nam Cổ Trung Tập Gym Essentials\nThiết kế vừa vặn, thoải mái khi tập luyện.\nChất liệu bền bỉ và dễ giặt.', 200.00, 3001, '2024-11-04 13:42:16'),
(32007, 'Combo 4 Tất Nam Cổ lười', 'Combo 4 Tất Nam Cổ lười\nChất liệu thoáng khí, dễ dàng phối đồ.\nThiết kế năng động, thoải mái.', 150.00, 3001, '2024-11-04 13:42:16'),
(33001, 'Mü Len 84RISING Beanie', 'Mü Len 84RISING Beanie\nChất liệu len ấm áp, thích hợp cho mùa đông.\nThiết kế thời trang, dễ dàng phối đồ.', 250.00, 3002, '2024-11-04 13:42:16'),
(33002, 'Mũ Lưỡi Trai Dáng Thể Thao', 'Mũ Lưỡi Trai Dáng Thể Thao\nThiết kế năng động, phù hợp cho thể thao.\nChất liệu thoáng khí, giữ mát cho đầu.', 200.00, 3002, '2024-11-04 13:42:16'),
(33003, 'Mũ len thêu logo Coolmate', 'Mũ len thêu logo Coolmate\nChất liệu len mềm mại, ấm áp cho mùa đông.\nThiết kế thời trang và cá tính.', 280.00, 3002, '2024-11-04 13:42:16'),
(33004, 'Mũ Lưỡi Trai RAIN. RDY Terrex', 'Mũ Lưỡi Trai RAIN. RDY Terrex\nChống nước, thích hợp cho những ngày mưa.\nThiết kế thể thao, dễ dàng phối đồ.', 350.00, 3002, '2024-11-04 13:42:16'),
(41001, 'Giày Adizero Takumi Sen 10', 'Giày Adizero Takumi Sen 10\nThiết kế chuyên nghiệp cho chạy bộ.\nChất liệu nhẹ, thoáng khí, phù hợp cho vận động.', 2500.00, 4000, '2024-11-04 13:45:48'),
(41002, 'Giày Adizero Prime X 2.0 STRUNG', 'Giày Adizero Prime X 2.0 STRUNG\nĐem lại cảm giác nhẹ nhàng, nhanh nhẹn.\nChất liệu cao cấp, phù hợp cho chạy đường dài.', 3000.00, 4000, '2024-11-04 13:45:48'),
(41003, 'Giày Duramo Speed', 'Giày Duramo Speed\nThiết kế thể thao, năng động.\nChất liệu bền, mang lại cảm giác thoải mái khi chạy.', 1500.00, 4000, '2024-11-04 13:45:48'),
(41004, 'adizero Evo SL M', 'adizero Evo SL M\nGiày chạy nhẹ, linh hoạt, lý tưởng cho tập luyện.\nChất liệu thoáng khí, giữ chân khô ráo.', 2700.00, 4000, '2024-11-04 13:45:48'),
(41005, 'Giày Duramo SL', 'Giày Duramo SL\nThiết kế trẻ trung, thoải mái.\nChất liệu chống nước, phù hợp cho nhiều hoạt động.', 1600.00, 4000, '2024-11-04 13:45:48'),
(41006, 'Giày Chạy Bộ Ultrarun 5', 'Giày Chạy Bộ Ultrarun 5\nChất liệu mềm mại, hỗ trợ tốt cho chân.\nThiết kế năng động, phù hợp cho chạy bộ dài.', 2800.00, 4000, '2024-11-04 13:45:48'),
(42001, 'Giày Tennis Solematch Control 2', 'Giày Tennis Solematch Control 2\nThiết kế chuyên nghiệp, hỗ trợ tốt trong các trận đấu.\nChất liệu bền, phù hợp cho sân cỏ.', 2200.00, 4001, '2024-11-04 13:45:48'),
(42002, 'Giày Tennis Barricade 13', 'Giày Tennis Barricade 13\nGiày tennis cao cấp, hỗ trợ tối đa cho chân.\nChất liệu chống nước, bền bỉ.', 2300.00, 4001, '2024-11-04 13:45:48'),
(42003, 'Giày Tennis adizero Ubersonic 4', 'Giày Tennis adizero Ubersonic 4\nThiết kế năng động, nhẹ nhàng.\nChất liệu thoáng khí, dễ di chuyển.', 2400.00, 4001, '2024-11-04 13:45:48'),
(42004, 'Giày Tennis CourtJam Control', 'Giày Tennis CourtJam Control\nThiết kế chắc chắn, hỗ trợ tốt cho cổ chân.\nChất liệu thoáng khí, bền bỉ.', 2000.00, 4001, '2024-11-04 13:45:48'),
(42005, 'Giày Tennis Adizero Ubersonic 4.1', 'Giày Tennis Adizero Ubersonic 4.1\nChất liệu nhẹ, tạo cảm giác như đi chân trần.\nThiết kế thời trang, thoải mái.', 2500.00, 4001, '2024-11-04 13:45:48'),
(42006, 'Giày Advantage 2.0', 'Giày Advantage 2.0\nThiết kế đơn giản nhưng hiện đại.\nChất liệu bền, dễ dàng vệ sinh.', 1800.00, 4001, '2024-11-04 13:45:48'),
(42007, 'Giày Tennis Courtjam Control 3', 'Giày Tennis Courtjam Control 3\nThiết kế thời trang, thoải mái khi di chuyển.\nChất liệu chống nước, hỗ trợ tối đa cho chân.', 1900.00, 4001, '2024-11-04 13:45:48'),
(43001, 'Giày Golf Đinh Liên Superstar Rolling Links', 'Giày Golf Đinh Liên Superstar Rolling Links\nChất liệu chống nước, thiết kế thể thao.\nPhù hợp cho chơi golf cả ngày.', 3500.00, 4002, '2024-11-04 13:45:48'),
(43002, 'Giày Golf Traxion Lite BOA 24', 'Giày Golf Traxion Lite BOA 24\nThiết kế nhẹ, thoải mái, hỗ trợ tốt cho từng bước đi.\nChất liệu bền bỉ, dễ dàng làm sạch.', 3600.00, 4002, '2024-11-04 13:45:48'),
(43003, 'Giày Golf Đình Liền MC Z-Traxion Rolling Links', 'Giày Golf Đình Liền MC Z-Traxion Rolling Links\nChất liệu cao cấp, thiết kế chuyên nghiệp cho chơi golf.\nMang lại cảm giác thoải mái tối đa.', 3700.00, 4002, '2024-11-04 13:45:48'),
(43004, 'Giày Golf Đình Liên Rộng Ngang S2G BOA 24', 'Giày Golf Đình Liên Rộng Ngang S2G BOA 24\nThiết kế thời trang, phù hợp với người chơi golf.\nChất liệu nhẹ, thoáng khí.', 3800.00, 4002, '2024-11-04 13:45:48'),
(43005, 'Giày Golf Đình Liên Superstar', 'Giày Golf Đình Liên Superstar\nChất liệu chống thấm nước, thiết kế trẻ trung.\nPhù hợp cho mọi loại địa hình.', 3900.00, 4002, '2024-11-04 13:45:48'),
(43006, 'Giày Golf Đình Liên S2g Mid', 'Giày Golf Đình Liên S2g Mid\nThiết kế thời trang, hỗ trợ tốt cho chân.\nChất liệu bền bỉ, dễ dàng bảo quản.', 4000.00, 4002, '2024-11-04 13:45:48'),
(44001, 'Dép adilette Korn', 'Dép adilette Korn\nThiết kế đơn giản, dễ mang.\nChất liệu mềm mại, thoải mái cho chân.', 450.00, 4003, '2024-11-04 13:45:48'),
(44002, 'Dép Adicane', 'Dép Adicane\nChất liệu bền bỉ, thích hợp cho đi biển.\nThiết kế thoáng mát, thoải mái.', 480.00, 4003, '2024-11-04 13:45:48'),
(44003, 'Giày Mule Adifom IIInfinity', 'Giày Mule Adifom IIInfinity\nThiết kế hiện đại, trẻ trung.\nChất liệu mềm, mang lại cảm giác dễ chịu.', 550.00, 4003, '2024-11-04 13:45:48'),
(44004, 'Dép ADILETTE ZPLAASH', 'Dép ADILETTE ZPLAASH\nThiết kế đơn giản, dễ dàng sử dụng.\nChất liệu bền, phù hợp cho mùa hè.', 300.00, 4003, '2024-11-04 13:45:48'),
(44005, 'Dép ZPLAASH', 'Dép ZPLAASH\nChất liệu thoáng khí, giúp chân không bị bí bách.\nThiết kế thời trang, dễ phối đồ.', 320.00, 4003, '2024-11-04 13:45:48'),
(44006, 'Dép Adifom Superstar Mule Low', 'Dép Adifom Superstar Mule Low\nThiết kế trẻ trung, dễ mang.\nChất liệu thoáng khí, thoải mái.', 350.00, 4003, '2024-11-04 13:45:48'),
(44007, 'Dép adilette Flow', 'Dép adilette Flow\nChất liệu mềm mại, giúp chân thoải mái.\nThiết kế đơn giản, dễ dàng phối đồ.', 330.00, 4003, '2024-11-04 13:45:48'),
(45001, 'Giày Đá Bóng Turf F50 League', 'Giày Đá Bóng Turf F50 League\nThiết kế chuyên nghiệp cho các trận đấu bóng đá.\nChất liệu bền, hỗ trợ tối đa cho chân.', 1500.00, 4004, '2024-11-04 13:45:48'),
(45002, 'Giày Đá Bóng Trong Nhà Samba Inter Miami CF', 'Giày Đá Bóng Trong Nhà Samba Inter Miami CF\nThiết kế đặc biệt cho sân trong nhà.\nChất liệu thoáng khí, dễ dàng di chuyển.', 1600.00, 4004, '2024-11-04 13:45:48'),
(45003, 'Giày Đá Bóng Trong Nhà Samba Messi', 'Giày Đá Bóng Trong Nhà Samba Messi\nChất liệu mềm mại, hỗ trợ tốt cho chân.\nThiết kế nổi bật, phù hợp cho các trận đấu.', 1550.00, 4004, '2024-11-04 13:45:48'),
(45004, 'Giày Đá Bóng Turf Predator Elite', 'Giày Đá Bóng Turf Predator Elite\nThiết kế mạnh mẽ, bám sân tốt.\nChất liệu chống nước, bền bỉ.', 1700.00, 4004, '2024-11-04 13:45:48'),
(45005, 'Giày Đá Bóng Turf Predator Club Sock', 'Giày Đá Bóng Turf Predator Club Sock\nChất liệu thoáng khí, hỗ trợ tốt cho vận động viên.\nThiết kế năng động, dễ di chuyển.', 1800.00, 4004, '2024-11-04 13:45:48'),
(45006, 'Giày Đá Bóng Trong Nhà Predator Freestyle', 'Giày Đá Bóng Trong Nhà Predator Freestyle\nThiết kế thời trang, hỗ trợ tối đa cho chân.\nChất liệu bền bỉ, dễ dàng làm sạch.', 1900.00, 4004, '2024-11-04 13:45:48');

-- --------------------------------------------------------

--
-- Table structure for table `product_images`
--

CREATE TABLE `product_images` (
  `image_id` int(11) NOT NULL,
  `product_id` int(11) NOT NULL,
  `image_url` varchar(255) NOT NULL
) ENGINE=InnoDB DEFAULT CHARSET=utf8mb4 COLLATE=utf8mb4_general_ci;

--
-- Dumping data for table `product_images`
--

INSERT INTO `product_images` (`image_id`, `product_id`, `image_url`) VALUES
(507, 23001, 'img/img/Ao/ao_dai_tay/23001/24CMCW.DT001_-_XANH_NAVY_1.webp'),
(508, 23001, 'img/img/Ao/ao_dai_tay/23001/24CMCW.DT001_-_XANH_NAVY_2.webp'),
(509, 23001, 'img/img/Ao/ao_dai_tay/23001/24CMCW.DT001_-_XANH_NAVY_3.webp'),
(510, 23001, 'img/img/Ao/ao_dai_tay/23001/24CMCW.DT001_-_XANH_NAVY_4.webp'),
(511, 23001, 'img/img/Ao/ao_dai_tay/23001/24CMCW.DT001_-_XANH_NAVY_5.webp'),
(512, 23001, 'img/img/Ao/ao_dai_tay/23001/24CMCW.DT001_-_XANH_NAVY_6.webp'),
(513, 23001, 'img/img/Ao/ao_dai_tay/23001/24CMCW.DT001_-_XANH_NAVY_7.webp'),
(514, 23001, 'img/img/Ao/ao_dai_tay/23001/24CMCW.DT001_-_XANH_NAVY_8.webp'),
(515, 23001, 'img/img/Ao/ao_dai_tay/23001/24CMCW.DT001_-_XANH_NAVY_9.webp'),
(516, 23002, 'img/img/Ao/ao_dai_tay/23002/24CMCW.ST002_-_Be_1.webp'),
(517, 23002, 'img/img/Ao/ao_dai_tay/23002/24CMCW.ST002_-_Be_2.webp'),
(518, 23002, 'img/img/Ao/ao_dai_tay/23002/24CMCW.ST002_-_Be_4.webp'),
(519, 23002, 'img/img/Ao/ao_dai_tay/23002/24CMCW.ST002_-_Be_5.webp'),
(520, 23002, 'img/img/Ao/ao_dai_tay/23002/24CMCW.ST002_-_Be_6.webp'),
(521, 23002, 'img/img/Ao/ao_dai_tay/23002/24CMCW.ST002_-_Be_7.webp'),
(522, 23003, 'img/img/Ao/ao_dai_tay/23003/Ao_Polo_Nam_dai_tay_Essentials.den.webp'),
(523, 23003, 'img/img/Ao/ao_dai_tay/23003/_CMM0071_62.webp'),
(524, 23003, 'img/img/Ao/ao_dai_tay/23003/_CMM0092_55.webp'),
(525, 23003, 'img/img/Ao/ao_dai_tay/23003/_CMM0103.webp'),
(526, 23003, 'img/img/Ao/ao_dai_tay/23003/_CMM0105.webp'),
(527, 23003, 'img/img/Ao/ao_dai_tay/23003/_CMM0107.webp'),
(528, 23003, 'img/img/Ao/ao_dai_tay/23003/_CMM0498.webp'),
(529, 23004, 'img/img/Ao/ao_dai_tay/23004/24CMHU.GN003_-_Xam_1.webp'),
(530, 23004, 'img/img/Ao/ao_dai_tay/23004/24CMHU.GN003_-_Xam_2.webp'),
(531, 23004, 'img/img/Ao/ao_dai_tay/23004/24CMHU.GN003_-_Xam_4.webp'),
(532, 23004, 'img/img/Ao/ao_dai_tay/23004/24CMHU.GN003_-_Xam_5.webp'),
(533, 23004, 'img/img/Ao/ao_dai_tay/23004/24CMHU.GN003_-_Xam_6.webp'),
(534, 23004, 'img/img/Ao/ao_dai_tay/23004/24CMHU.GN003_-_Xam_7.webp'),
(535, 23005, 'img/img/Ao/ao_dai_tay/23005/24CMCW.DT002__9016_XAM_NHAT.webp'),
(536, 23005, 'img/img/Ao/ao_dai_tay/23005/24CMCW.DT002__9026_XAM_NHAT.webp'),
(537, 23005, 'img/img/Ao/ao_dai_tay/23005/24CMCW.DT002__9033_XAM_NHAT.webp'),
(538, 23005, 'img/img/Ao/ao_dai_tay/23005/24CMCW.DT002__9036_XAM_NHAT.webp'),
(539, 23005, 'img/img/Ao/ao_dai_tay/23005/24CMCW.DT002__9037_XAM_NHAT.webp'),
(540, 23005, 'img/img/Ao/ao_dai_tay/23005/24CMCW.DT002__9040_XAM_NHAT.webp'),
(541, 23005, 'img/img/Ao/ao_dai_tay/23005/24CMCW.DT002__9078_XAM_NHAT.webp'),
(542, 23006, 'img/img/Ao/ao_dai_tay/23006/23CMCW.ST001.2.webp'),
(543, 23006, 'img/img/Ao/ao_dai_tay/23006/23CMCW.ST001.3.webp'),
(544, 23006, 'img/img/Ao/ao_dai_tay/23006/23CMCW.ST001.4.webp'),
(545, 23006, 'img/img/Ao/ao_dai_tay/23006/23CMCW.ST001.5.webp'),
(546, 23006, 'img/img/Ao/ao_dai_tay/23006/23CMCW.ST001.6.webp'),
(547, 23006, 'img/img/Ao/ao_dai_tay/23006/23CMCW.ST001.7.webp'),
(548, 23006, 'img/img/Ao/ao_dai_tay/23006/cmcwst001.2d.3_63.webp'),
(549, 23007, 'img/img/Ao/ao_dai_tay/23007/Ao_Cotton_Compact_dai_tay_-_Be_1.webp'),
(550, 23007, 'img/img/Ao/ao_dai_tay/23007/Ao_Cotton_Compact_dai_tay_-_Be_2.webp'),
(551, 23007, 'img/img/Ao/ao_dai_tay/23007/Ao_Cotton_Compact_dai_tay_-_Be_3.webp'),
(552, 23007, 'img/img/Ao/ao_dai_tay/23007/Ao_Cotton_Compact_dai_tay_-_Be_4.webp'),
(553, 23007, 'img/img/Ao/ao_dai_tay/23007/Ao_Cotton_Compact_dai_tay_-_Be_5.webp'),
(554, 23007, 'img/img/Ao/ao_dai_tay/23007/Ao_Cotton_Compact_dai_tay_-_Be_6.webp'),
(555, 25001, 'img/img/Ao/ao_khoac/25001/24CMCW.CN003.10.webp'),
(556, 25001, 'img/img/Ao/ao_khoac/25001/24CMCW.CN003.11.webp'),
(557, 25001, 'img/img/Ao/ao_khoac/25001/24CMCW.CN003.12.webp'),
(558, 25001, 'img/img/Ao/ao_khoac/25001/24CMCW.CN003.6_78.webp'),
(559, 25001, 'img/img/Ao/ao_khoac/25001/24CMCW.CN003.7.webp'),
(560, 25001, 'img/img/Ao/ao_khoac/25001/24CMCW.CN003.8.webp'),
(561, 25001, 'img/img/Ao/ao_khoac/25001/24CMCW.CN003.9_16.webp'),
(562, 25002, 'img/img/Ao/ao_khoac/25002/24CMCW.KM006_-_BE_1.webp'),
(563, 25002, 'img/img/Ao/ao_khoac/25002/24CMCW.KM006_-_BE_2.webp'),
(564, 25002, 'img/img/Ao/ao_khoac/25002/24CMCW.KM006_-_BE_3.webp'),
(565, 25002, 'img/img/Ao/ao_khoac/25002/24CMCW.KM006_-_BE_4.webp'),
(566, 25002, 'img/img/Ao/ao_khoac/25002/24CMCW.KM006_-_BE_5.webp'),
(567, 25002, 'img/img/Ao/ao_khoac/25002/24CMCW.KM006_-_BE_6.webp'),
(568, 25002, 'img/img/Ao/ao_khoac/25002/24CMCW.KM006_-_BE_7.webp'),
(569, 25002, 'img/img/Ao/ao_khoac/25002/24CMCW.KM006_-_BE_8.webp'),
(570, 25002, 'img/img/Ao/ao_khoac/25002/24CMCW.KM006_-_BE_9.webp'),
(571, 25003, 'img/img/Ao/ao_khoac/25003/AD001.s2.6.webp'),
(572, 25003, 'img/img/Ao/ao_khoac/25003/proac.akpk.1.webp'),
(573, 25003, 'img/img/Ao/ao_khoac/25003/QD001.15_46.webp'),
(574, 25003, 'img/img/Ao/ao_khoac/25003/QD001.16.webp'),
(575, 25003, 'img/img/Ao/ao_khoac/25003/QD001.18_80.webp'),
(576, 25003, 'img/img/Ao/ao_khoac/25003/QD001.19.webp'),
(577, 25004, 'img/img/Ao/ao_khoac/25004/Hoodie_Reu_1.webp'),
(578, 25004, 'img/img/Ao/ao_khoac/25004/Hoodie_Reu_3.webp'),
(579, 25004, 'img/img/Ao/ao_khoac/25004/Hoodie_Reu_5.webp'),
(580, 25004, 'img/img/Ao/ao_khoac/25004/Hoodie_Reu_6.webp'),
(581, 25005, 'img/img/Ao/ao_khoac/25005/23CMCW.KM003.11.webp'),
(582, 25005, 'img/img/Ao/ao_khoac/25005/23CMCW.KM003.12.webp'),
(583, 25005, 'img/img/Ao/ao_khoac/25005/23CMCW.KM003.13_58.webp'),
(584, 25005, 'img/img/Ao/ao_khoac/25005/apphaogilet-s-10.webp'),
(585, 25005, 'img/img/Ao/ao_khoac/25005/apphaogilet-s-13_47.webp'),
(586, 25005, 'img/img/Ao/ao_khoac/25005/apphaogilet-s-13_copy.webp'),
(587, 25005, 'img/img/Ao/ao_khoac/25005/apphaogilet-s-8_15.webp'),
(588, 25005, 'img/img/Ao/ao_khoac/25005/apphaogilet-s-9.webp'),
(589, 25006, 'img/img/Ao/ao_khoac/25006/AK.DW.NV.1.webp'),
(590, 25006, 'img/img/Ao/ao_khoac/25006/AK.DW.NV.2.webp'),
(591, 25006, 'img/img/Ao/ao_khoac/25006/AK.DW.NV.5.webp'),
(592, 25006, 'img/img/Ao/ao_khoac/25006/AK.DW.NV.6.webp'),
(593, 25006, 'img/img/Ao/ao_khoac/25006/AK.DW.NV.9.webp'),
(594, 25007, 'img/img/Ao/ao_khoac/25007/23CMAW.CM003.24_8.webp'),
(595, 25007, 'img/img/Ao/ao_khoac/25007/23CMAW.CM003.30.webp'),
(596, 25007, 'img/img/Ao/ao_khoac/25007/23CMAW.CM003.34.webp'),
(597, 25007, 'img/img/Ao/ao_khoac/25007/23CMAW.CM003.36.webp'),
(598, 25007, 'img/img/Ao/ao_khoac/25007/23CMAW.CM003.38_1.webp'),
(599, 25007, 'img/img/Ao/ao_khoac/25007/23CMAW.CM003.39.webp'),
(600, 22001, 'img/img/Ao/ao_polo/22001/24CMAW.PL001.1_23.webp'),
(601, 22001, 'img/img/Ao/ao_polo/22001/24CMAW.PL001.3.webp'),
(602, 22001, 'img/img/Ao/ao_polo/22001/24CMAW.PL001.4.webp'),
(603, 22001, 'img/img/Ao/ao_polo/22001/24CMAW.PL001.5_50.webp'),
(604, 22001, 'img/img/Ao/ao_polo/22001/24CMAW.PL001.7.webp'),
(605, 22001, 'img/img/Ao/ao_polo/22001/24CMAW.PL001.8z.webp'),
(606, 22002, 'img/img/Ao/ao_polo/22002/Ao_Polo_Nam_Ice_Cooling.1.webp'),
(607, 22002, 'img/img/Ao/ao_polo/22002/Ao_Polo_Nam_Ice_Cooling.2.webp'),
(608, 22002, 'img/img/Ao/ao_polo/22002/Ao_Polo_Nam_Ice_Cooling.4.webp'),
(609, 22002, 'img/img/Ao/ao_polo/22002/Ao_Polo_Nam_Ice_Cooling.5.webp'),
(610, 22002, 'img/img/Ao/ao_polo/22002/Ao_Polo_Nam_Ice_Cooling.6.webp'),
(611, 22002, 'img/img/Ao/ao_polo/22002/Ao_Polo_Nam_Ice_Cooling.7.webp'),
(612, 22003, 'img/img/Ao/ao_polo/22003/AoPoloProMax_Xanh_Lavender_Lustre_1.webp'),
(613, 22003, 'img/img/Ao/ao_polo/22003/AoPoloProMax_Xanh_Lavender_Lustre_2.webp'),
(614, 22003, 'img/img/Ao/ao_polo/22003/AoPoloProMax_Xanh_Lavender_Lustre_3.webp'),
(615, 22003, 'img/img/Ao/ao_polo/22003/AoPoloProMax_Xanh_Lavender_Lustre_4.webp'),
(616, 22003, 'img/img/Ao/ao_polo/22003/AoPoloProMax_Xanh_Lavender_Lustre_5.webp'),
(617, 22003, 'img/img/Ao/ao_polo/22003/AoPoloProMax_Xanh_Lavender_Lustre_7.webp'),
(618, 22003, 'img/img/Ao/ao_polo/22003/AoPoloProMax_Xanh_Lavender_Lustre_8.webp'),
(619, 22004, 'img/img/Ao/ao_polo/22004/APL100-thumb-6.webp'),
(620, 22004, 'img/img/Ao/ao_polo/22004/poloapl220.11.jpg'),
(621, 22004, 'img/img/Ao/ao_polo/22004/poloapl220.12.webp'),
(622, 22004, 'img/img/Ao/ao_polo/22004/poloapl220.13.webp'),
(623, 22004, 'img/img/Ao/ao_polo/22004/poloapl220.14.webp'),
(624, 22004, 'img/img/Ao/ao_polo/22004/poloapl220.9.webp'),
(625, 22005, 'img/img/Ao/ao_polo/22005/24CMAW.PL004.1_64.webp'),
(626, 22005, 'img/img/Ao/ao_polo/22005/24CMAW.PL004.2.webp'),
(627, 22005, 'img/img/Ao/ao_polo/22005/24CMAW.PL004.3D.5_44.webp'),
(628, 22005, 'img/img/Ao/ao_polo/22005/24CMAW.PL004.4_2.webp'),
(629, 22005, 'img/img/Ao/ao_polo/22005/24CMAW.PL004.5.webp'),
(630, 22005, 'img/img/Ao/ao_polo/22005/24CMAW.PL004.6.webp'),
(631, 22006, 'img/img/Ao/ao_polo/22006/6-4.webp'),
(632, 22006, 'img/img/Ao/ao_polo/22006/polo-cafe-do-do-2.webp'),
(633, 22006, 'img/img/Ao/ao_polo/22006/polo-cafe-do-do-3.webp'),
(634, 22006, 'img/img/Ao/ao_polo/22006/polo-cafe-do-do-4.webp'),
(635, 22006, 'img/img/Ao/ao_polo/22006/polo-cafe-do-do-5.webp'),
(636, 22006, 'img/img/Ao/ao_polo/22006/polo-cafe-do-do-6.webp'),
(637, 22006, 'img/img/Ao/ao_polo/22006/polo-cafe-do-do.webp'),
(638, 22007, 'img/img/Ao/ao_polo/22007/apl.ex.reu1.webp'),
(639, 22007, 'img/img/Ao/ao_polo/22007/apl.ex.reu2.webp'),
(640, 22007, 'img/img/Ao/ao_polo/22007/apl.ex.reu3.webp'),
(641, 22007, 'img/img/Ao/ao_polo/22007/apl.ex.reu4.webp'),
(642, 22007, 'img/img/Ao/ao_polo/22007/apl.ex.reu5.webp'),
(643, 21001, 'img/img/Ao/ao_so_mi/21001/24CMCW.SM004.FRB.1.webp'),
(644, 21001, 'img/img/Ao/ao_so_mi/21001/24CMCW.SM004.FRB.10.webp'),
(645, 21001, 'img/img/Ao/ao_so_mi/21001/24CMCW.SM004.FRB.5.webp'),
(646, 21001, 'img/img/Ao/ao_so_mi/21001/24CMCW.SM004.FRB.7.webp'),
(647, 21001, 'img/img/Ao/ao_so_mi/21001/24CMCW.SM004.FRB.8.webp'),
(648, 21001, 'img/img/Ao/ao_so_mi/21001/24CMCW.SM004.FRB.9.webp'),
(649, 21001, 'img/img/Ao/ao_so_mi/21001/Dobby_1.webp'),
(650, 21001, 'img/img/Ao/ao_so_mi/21001/Dobby_3.webp'),
(651, 21002, 'img/img/Ao/ao_so_mi/21002/24CMCW.SM009_-_Trang_1.webp'),
(652, 21002, 'img/img/Ao/ao_so_mi/21002/24CMCW.SM009_-_Trang_2.webp'),
(653, 21002, 'img/img/Ao/ao_so_mi/21002/24CMCW.SM009_-_Trang_3.webp'),
(654, 21002, 'img/img/Ao/ao_so_mi/21002/24CMCW.SM009_-_Trang_4.webp'),
(655, 21002, 'img/img/Ao/ao_so_mi/21002/24CMCW.SM009_-_Trang_5(1).webp'),
(656, 21002, 'img/img/Ao/ao_so_mi/21002/24CMCW.SM009_-_Trang_6.webp'),
(657, 21002, 'img/img/Ao/ao_so_mi/21002/24CMCW.SM009_-_Trang_7_(1)_(1).webp'),
(658, 21003, 'img/img/Ao/ao_so_mi/21003/24CMCW.SM007_-_Xanh_1.webp'),
(659, 21003, 'img/img/Ao/ao_so_mi/21003/24CMCW.SM007_-_Xanh_2.webp'),
(660, 21003, 'img/img/Ao/ao_so_mi/21003/24CMCW.SM007_-_Xanh_3.webp'),
(661, 21003, 'img/img/Ao/ao_so_mi/21003/24CMCW.SM007_-_Xanh_4.webp'),
(662, 21003, 'img/img/Ao/ao_so_mi/21003/24CMCW.SM007_-_Xanh_5.webp'),
(663, 21003, 'img/img/Ao/ao_so_mi/21003/24CMCW.SM007_-_Xanh_6.webp'),
(664, 21003, 'img/img/Ao/ao_so_mi/21003/24CMCW.SM007_-_Xanh_7.webp'),
(665, 21004, 'img/img/Ao/ao_so_mi/21004/Xanh_nhat.webp'),
(666, 21004, 'img/img/Ao/ao_so_mi/21004/Xanh_nhat_2.webp'),
(667, 21004, 'img/img/Ao/ao_so_mi/21004/Xanh_nhat_3.webp'),
(668, 21004, 'img/img/Ao/ao_so_mi/21004/Xanh_nhat_4.webp'),
(669, 21004, 'img/img/Ao/ao_so_mi/21004/Xanh_nhat_5.webp'),
(670, 21004, 'img/img/Ao/ao_so_mi/21004/Xanh_nhat_6.webp'),
(671, 21005, 'img/img/Ao/ao_so_mi/21005/24CMCW.SM008_-_Xanh_Blue_Night_1.webp'),
(672, 21005, 'img/img/Ao/ao_so_mi/21005/24CMCW.SM008_-_Xanh_Blue_Night_2.webp'),
(673, 21005, 'img/img/Ao/ao_so_mi/21005/24CMCW.SM008_-_Xanh_Blue_Night_3.webp'),
(674, 21005, 'img/img/Ao/ao_so_mi/21005/24CMCW.SM008_-_Xanh_Blue_Night_4.webp'),
(675, 21005, 'img/img/Ao/ao_so_mi/21005/24CMCW.SM008_-_Xanh_Blue_Night_5.webp'),
(676, 21005, 'img/img/Ao/ao_so_mi/21005/24CMCW.SM008_-_Xanh_Blue_Night_6.webp'),
(677, 21005, 'img/img/Ao/ao_so_mi/21005/24CMCW.SM008_-_Xanh_Blue_Night_7.webp'),
(678, 21005, 'img/img/Ao/ao_so_mi/21005/24CMCW.SM008_-_Xanh_Blue_Night_8.webp'),
(679, 21006, 'img/img/Ao/ao_so_mi/21006/132555.GD_2021_00115.webp'),
(680, 21006, 'img/img/Ao/ao_so_mi/21006/diblueUntitled-1_65.webp'),
(681, 21006, 'img/img/Ao/ao_so_mi/21006/somicfaqua2_1.webp'),
(682, 21006, 'img/img/Ao/ao_so_mi/21006/somicfaqua2_4.webp'),
(683, 21006, 'img/img/Ao/ao_so_mi/21006/somicfaqua2_48.webp'),
(684, 21006, 'img/img/Ao/ao_so_mi/21006/somicfaqua2_5.webp'),
(685, 21006, 'img/img/Ao/ao_so_mi/21006/somicfaqua2_8.webp'),
(686, 24001, 'img/img/Ao/ao_thun/24001/AT.220_-_Do_1.1.webp'),
(687, 24001, 'img/img/Ao/ao_thun/24001/AT.220_-_Do_Zifandel_2.webp'),
(688, 24001, 'img/img/Ao/ao_thun/24001/AT.220_-_Do_Zifandel_3.webp'),
(689, 24001, 'img/img/Ao/ao_thun/24001/AT.220_-_Do_Zifandel_5.webp'),
(690, 24001, 'img/img/Ao/ao_thun/24001/AT.220_-_Do_Zifandel_6.webp'),
(691, 24001, 'img/img/Ao/ao_thun/24001/AT.220_-_Do_Zifandel_7.webp'),
(692, 24001, 'img/img/Ao/ao_thun/24001/AT.220_-_Do_Zifandel_8.webp'),
(693, 24002, 'img/img/Ao/ao_thun/24002/1grey_copy.webp'),
(694, 24002, 'img/img/Ao/ao_thun/24002/24CMCW.AT004.1_25.webp'),
(695, 24002, 'img/img/Ao/ao_thun/24002/24CMCW.AT004.2_19.webp'),
(696, 24002, 'img/img/Ao/ao_thun/24002/24CMCW.AT004.4_69.webp'),
(697, 24002, 'img/img/Ao/ao_thun/24002/24CMCW.AT004.5_69.jpg'),
(698, 24002, 'img/img/Ao/ao_thun/24002/24CMCW.AT004.7_20.webp'),
(699, 24002, 'img/img/Ao/ao_thun/24002/24CMCW.AT004.8_45.webp'),
(700, 24002, 'img/img/Ao/ao_thun/24002/AT.CP.29.webp'),
(701, 24003, 'img/img/Ao/ao_thun/24003/1grey_copy.webp'),
(702, 24003, 'img/img/Ao/ao_thun/24003/AT.CP.210.webp'),
(703, 24003, 'img/img/Ao/ao_thun/24003/AT.CP.213.webp'),
(704, 24003, 'img/img/Ao/ao_thun/24003/AT.CP.28.webp'),
(705, 24003, 'img/img/Ao/ao_thun/24003/AT.CP.29.webp'),
(706, 24004, 'img/img/Ao/ao_thun/24004/nam-hen.00002_23.webp'),
(707, 24004, 'img/img/Ao/ao_thun/24004/quan.00001_77.webp'),
(708, 24004, 'img/img/Ao/ao_thun/24004/quan.00003.webp'),
(709, 24004, 'img/img/Ao/ao_thun/24004/t7m_models.3.webp'),
(710, 24004, 'img/img/Ao/ao_thun/24004/t7m_models.4.jpg'),
(711, 24004, 'img/img/Ao/ao_thun/24004/t7m_models.7.webp'),
(712, 24005, 'img/img/Ao/ao_thun/24005/photo_2024-09-27_11-20-45.webp'),
(713, 24005, 'img/img/Ao/ao_thun/24005/photo_2024-09-27_11-21-13.webp'),
(714, 24005, 'img/img/Ao/ao_thun/24005/photo_2024-09-27_11-21-15.webp'),
(715, 45001, 'img/img/Giay/bong_da/45001/Giay_DJa_Bong_Turf_F50_League_Hong_IF1335_01_00_standard_hover.avif'),
(716, 45001, 'img/img/Giay/bong_da/45001/Giay_DJa_Bong_Turf_F50_League_Hong_IF1335_02_standard.avif'),
(717, 45001, 'img/img/Giay/bong_da/45001/Giay_DJa_Bong_Turf_F50_League_Hong_IF1335_04_standard.avif'),
(718, 45001, 'img/img/Giay/bong_da/45001/Giay_DJa_Bong_Turf_F50_League_Hong_IF1335_09_standard.avif'),
(719, 45001, 'img/img/Giay/bong_da/45001/Giay_DJa_Bong_Turf_F50_League_Hong_IF1335_22_model.avif'),
(720, 45001, 'img/img/Giay/bong_da/45001/Giay_DJa_Bong_Turf_F50_League_Hong_IF1335_41_detail.avif'),
(721, 45002, 'img/img/Giay/bong_da/45002/Giay_DJa_Bong_Trong_Nha_Samba_Inter_Miami_CF_trang_IH8160_01_standard.avif'),
(722, 45002, 'img/img/Giay/bong_da/45002/Giay_DJa_Bong_Trong_Nha_Samba_Inter_Miami_CF_trang_IH8160_02_standard.avif'),
(723, 45002, 'img/img/Giay/bong_da/45002/Giay_DJa_Bong_Trong_Nha_Samba_Inter_Miami_CF_trang_IH8160_03_standard.avif'),
(724, 45002, 'img/img/Giay/bong_da/45002/Giay_DJa_Bong_Trong_Nha_Samba_Inter_Miami_CF_trang_IH8160_04_standard.avif'),
(725, 45002, 'img/img/Giay/bong_da/45002/Giay_DJa_Bong_Trong_Nha_Samba_Inter_Miami_CF_trang_IH8160_14_hover_standard.avif'),
(726, 45002, 'img/img/Giay/bong_da/45002/Giay_DJa_Bong_Trong_Nha_Samba_Inter_Miami_CF_trang_IH8160_22_model.avif'),
(727, 45002, 'img/img/Giay/bong_da/45002/Giay_DJa_Bong_Trong_Nha_Samba_Inter_Miami_CF_trang_IH8160_41_detail.avif'),
(728, 45003, 'img/img/Giay/bong_da/45003/Giay_DJa_Bong_Trong_Nha_Samba_Messi_trang_IH8161_01_00_standard.avif'),
(729, 45003, 'img/img/Giay/bong_da/45003/Giay_DJa_Bong_Trong_Nha_Samba_Messi_trang_IH8161_02_standard.avif'),
(730, 45003, 'img/img/Giay/bong_da/45003/Giay_DJa_Bong_Trong_Nha_Samba_Messi_trang_IH8161_03_standard.avif'),
(731, 45003, 'img/img/Giay/bong_da/45003/Giay_DJa_Bong_Trong_Nha_Samba_Messi_trang_IH8161_04_standard.avif'),
(732, 45003, 'img/img/Giay/bong_da/45003/Giay_DJa_Bong_Trong_Nha_Samba_Messi_trang_IH8161_14_hover_standard.avif'),
(733, 45003, 'img/img/Giay/bong_da/45003/Giay_DJa_Bong_Trong_Nha_Samba_Messi_trang_IH8161_22_model.avif'),
(734, 45003, 'img/img/Giay/bong_da/45003/Giay_DJa_Bong_Trong_Nha_Samba_Messi_trang_IH8161_41_detail.avif'),
(735, 45004, 'img/img/Giay/bong_da/45004/Giay_DJa_Bong_Turf_Predator_Elite_Xam_IF6373_01_00_standard_hover.avif'),
(736, 45004, 'img/img/Giay/bong_da/45004/Giay_DJa_Bong_Turf_Predator_Elite_Xam_IF6373_02_standard.avif'),
(737, 45004, 'img/img/Giay/bong_da/45004/Giay_DJa_Bong_Turf_Predator_Elite_Xam_IF6373_03_standard.avif'),
(738, 45004, 'img/img/Giay/bong_da/45004/Giay_DJa_Bong_Turf_Predator_Elite_Xam_IF6373_06_standard.avif'),
(739, 45004, 'img/img/Giay/bong_da/45004/Giay_DJa_Bong_Turf_Predator_Elite_Xam_IF6373_22_model.avif'),
(740, 45004, 'img/img/Giay/bong_da/45004/Giay_DJa_Bong_Turf_Predator_Elite_Xam_IF6373_41_detail.avif'),
(741, 45005, 'img/img/Giay/bong_da/45005/Giay_DJa_Bong_Turf_Predator_Club_Sock_DJen_IG7714_01_standard_hover.avif'),
(742, 45005, 'img/img/Giay/bong_da/45005/Giay_DJa_Bong_Turf_Predator_Club_Sock_DJen_IG7714_02_standard.avif'),
(743, 45005, 'img/img/Giay/bong_da/45005/Giay_DJa_Bong_Turf_Predator_Club_Sock_DJen_IG7714_03_standard.avif'),
(744, 45005, 'img/img/Giay/bong_da/45005/Giay_DJa_Bong_Turf_Predator_Club_Sock_DJen_IG7714_06_standard.avif'),
(745, 45005, 'img/img/Giay/bong_da/45005/Giay_DJa_Bong_Turf_Predator_Club_Sock_DJen_IG7714_22_model.avif'),
(746, 45006, 'img/img/Giay/bong_da/45006/Giay_DJa_Bong_Trong_Nha_Predator_Freestyle_Mau_tim_IF6308_HM1.avif'),
(747, 45006, 'img/img/Giay/bong_da/45006/Giay_DJa_Bong_Trong_Nha_Predator_Freestyle_Mau_tim_IF6308_HM4_hover.avif'),
(748, 45006, 'img/img/Giay/bong_da/45006/Giay_DJa_Bong_Trong_Nha_Predator_Freestyle_Mau_tim_IF6308_HM5.avif'),
(749, 41001, 'img/img/Giay/chay_bo/41001/Giay_Adizero_Takumi_Sen_10_Mau_xanh_da_troi_IF1211_HM1.avif'),
(750, 41001, 'img/img/Giay/chay_bo/41001/Giay_Adizero_Takumi_Sen_10_Mau_xanh_da_troi_IF1211_HM3_hover.avif'),
(751, 41001, 'img/img/Giay/chay_bo/41001/Giay_Adizero_Takumi_Sen_10_Mau_xanh_da_troi_IF1211_HM4.avif'),
(752, 41001, 'img/img/Giay/chay_bo/41001/Giay_Adizero_Takumi_Sen_10_Mau_xanh_da_troi_IF1211_HM5.avif'),
(753, 41001, 'img/img/Giay/chay_bo/41001/Giay_Adizero_Takumi_Sen_10_Mau_xanh_da_troi_IF1211_HM6.avif'),
(754, 41001, 'img/img/Giay/chay_bo/41001/Giay_Adizero_Takumi_Sen_10_Mau_xanh_da_troi_IF1211_HM7.avif'),
(755, 41001, 'img/img/Giay/chay_bo/41001/Giay_Adizero_Takumi_Sen_10_Mau_xanh_da_troi_IF1211_HM8.avif'),
(756, 41002, 'img/img/Giay/chay_bo/41002/Giay_Adizero_Prime_X_2.0_STRUNG_trang_ID3615_HM1.avif'),
(757, 41002, 'img/img/Giay/chay_bo/41002/Giay_Adizero_Prime_X_2.0_STRUNG_trang_ID3615_HM3_hover.avif'),
(758, 41002, 'img/img/Giay/chay_bo/41002/Giay_Adizero_Prime_X_2.0_STRUNG_trang_ID3615_HM4.avif'),
(759, 41002, 'img/img/Giay/chay_bo/41002/Giay_Adizero_Prime_X_2.0_STRUNG_trang_ID3615_HM5.avif'),
(760, 41002, 'img/img/Giay/chay_bo/41002/Giay_Adizero_Prime_X_2.0_STRUNG_trang_ID3615_HM6.avif'),
(761, 41002, 'img/img/Giay/chay_bo/41002/Giay_Adizero_Prime_X_2.0_STRUNG_trang_ID3615_HM7.avif'),
(762, 41002, 'img/img/Giay/chay_bo/41002/Giay_Adizero_Prime_X_2.0_STRUNG_trang_ID3615_HM8.avif'),
(763, 41003, 'img/img/Giay/chay_bo/41003/Giay_Duramo_Speed_Mau_xanh_da_troi_IF1204_01_standard.avif'),
(764, 41003, 'img/img/Giay/chay_bo/41003/Giay_Duramo_Speed_Mau_xanh_da_troi_IF1204_02_standard_hover.avif'),
(765, 41003, 'img/img/Giay/chay_bo/41003/Giay_Duramo_Speed_Mau_xanh_da_troi_IF1204_03_standard.avif'),
(766, 41003, 'img/img/Giay/chay_bo/41003/Giay_Duramo_Speed_Mau_xanh_da_troi_IF1204_04_standard.avif'),
(767, 41003, 'img/img/Giay/chay_bo/41003/Giay_Duramo_Speed_Mau_xanh_da_troi_IF1204_05_standard.avif'),
(768, 41003, 'img/img/Giay/chay_bo/41003/Giay_Duramo_Speed_Mau_xanh_da_troi_IF1204_41_detail.avif'),
(769, 41003, 'img/img/Giay/chay_bo/41003/Giay_Duramo_Speed_Mau_xanh_da_troi_IF1204_42_detail.avif'),
(770, 41004, 'img/img/Giay/chay_bo/41004/adizero_Evo_SL_M_trang_JH6206_01_00_standard.avif'),
(771, 41004, 'img/img/Giay/chay_bo/41004/adizero_Evo_SL_M_trang_JH6206_02_standard_hover_hover_hover_hover.avif'),
(772, 41004, 'img/img/Giay/chay_bo/41004/adizero_Evo_SL_M_trang_JH6206_03_standard.avif'),
(773, 41004, 'img/img/Giay/chay_bo/41004/adizero_Evo_SL_M_trang_JH6206_04_standard.avif'),
(774, 41004, 'img/img/Giay/chay_bo/41004/adizero_Evo_SL_M_trang_JH6206_05_standard.avif'),
(775, 41004, 'img/img/Giay/chay_bo/41004/adizero_Evo_SL_M_trang_JH6206_06_standard.avif'),
(776, 41004, 'img/img/Giay/chay_bo/41004/adizero_Evo_SL_M_trang_JH6206_09_standard.avif'),
(777, 41004, 'img/img/Giay/chay_bo/41004/adizero_Evo_SL_M_trang_JH6206_41_detail.avif'),
(778, 41004, 'img/img/Giay/chay_bo/41004/adizero_Evo_SL_M_trang_JH6206_HM1.avif'),
(779, 41005, 'img/img/Giay/chay_bo/41005/Giay_Duramo_SL_Mau_xanh_da_troi_IE9690_01_standard.avif'),
(780, 41005, 'img/img/Giay/chay_bo/41005/Giay_Duramo_SL_Mau_xanh_da_troi_IE9690_02_standard_hover.avif'),
(781, 41005, 'img/img/Giay/chay_bo/41005/Giay_Duramo_SL_Mau_xanh_da_troi_IE9690_03_standard.avif'),
(782, 41005, 'img/img/Giay/chay_bo/41005/Giay_Duramo_SL_Mau_xanh_da_troi_IE9690_04_standard.avif'),
(783, 41005, 'img/img/Giay/chay_bo/41005/Giay_Duramo_SL_Mau_xanh_da_troi_IE9690_05_standard.avif'),
(784, 41005, 'img/img/Giay/chay_bo/41005/Giay_Duramo_SL_Mau_xanh_da_troi_IE9690_06_standard.avif'),
(785, 41005, 'img/img/Giay/chay_bo/41005/Giay_Duramo_SL_Mau_xanh_da_troi_IE9690_09_standard.avif'),
(786, 41005, 'img/img/Giay/chay_bo/41005/Giay_Duramo_SL_Mau_xanh_da_troi_IE9690_41_detail.avif'),
(787, 41006, 'img/img/Giay/chay_bo/41006/Giay_Chay_Bo_Ultrarun_5_trang_IE8786_01_standard.avif'),
(788, 41006, 'img/img/Giay/chay_bo/41006/Giay_Chay_Bo_Ultrarun_5_trang_IE8786_02_standard_hover.avif'),
(789, 41006, 'img/img/Giay/chay_bo/41006/Giay_Chay_Bo_Ultrarun_5_trang_IE8786_03_standard.avif'),
(790, 41006, 'img/img/Giay/chay_bo/41006/Giay_Chay_Bo_Ultrarun_5_trang_IE8786_04_standard.avif'),
(791, 41006, 'img/img/Giay/chay_bo/41006/Giay_Chay_Bo_Ultrarun_5_trang_IE8786_41_detail.avif'),
(792, 41006, 'img/img/Giay/chay_bo/41006/Giay_Chay_Bo_Ultrarun_5_trang_IE8786_42_detail.avif'),
(793, 44001, 'img/img/Giay/dep/44001/Dep_adilette_Korn_DJen_IH3753_01_00_standard.avif'),
(794, 44001, 'img/img/Giay/dep/44001/Dep_adilette_Korn_DJen_IH3753_02_standard.avif'),
(795, 44001, 'img/img/Giay/dep/44001/Dep_adilette_Korn_DJen_IH3753_03_standard.avif'),
(796, 44001, 'img/img/Giay/dep/44001/Dep_adilette_Korn_DJen_IH3753_04_standard.avif'),
(797, 44001, 'img/img/Giay/dep/44001/Dep_adilette_Korn_DJen_IH3753_14_hover_standard.avif'),
(798, 44001, 'img/img/Giay/dep/44001/Dep_adilette_Korn_DJen_IH3753_41_detail.avif'),
(799, 44001, 'img/img/Giay/dep/44001/Dep_adilette_Korn_DJen_IH3753_42_detail.avif'),
(800, 44002, 'img/img/Giay/dep/44002/Dep_Adicane_mau_xanh_la_IF6905_01_standard.avif'),
(801, 44002, 'img/img/Giay/dep/44002/Dep_Adicane_mau_xanh_la_IF6905_02_standard_hover.avif'),
(802, 44002, 'img/img/Giay/dep/44002/Dep_Adicane_mau_xanh_la_IF6905_03_standard.avif'),
(803, 44002, 'img/img/Giay/dep/44002/Dep_Adicane_mau_xanh_la_IF6905_04_standard.avif'),
(804, 44002, 'img/img/Giay/dep/44002/Dep_Adicane_mau_xanh_la_IF6905_05_standard.avif'),
(805, 44002, 'img/img/Giay/dep/44002/Dep_Adicane_mau_xanh_la_IF6905_42_detail.avif'),
(806, 44003, 'img/img/Giay/dep/44003/Giay_Mule_Adifom_IIInfinity_DJen_IG6969_01_standard.avif'),
(807, 44003, 'img/img/Giay/dep/44003/Giay_Mule_Adifom_IIInfinity_DJen_IG6969_02_standard_hover_hover_hover_hover.avif'),
(808, 44003, 'img/img/Giay/dep/44003/Giay_Mule_Adifom_IIInfinity_DJen_IG6969_03_standard.avif'),
(809, 44003, 'img/img/Giay/dep/44003/Giay_Mule_Adifom_IIInfinity_DJen_IG6969_04_standard.avif'),
(810, 44003, 'img/img/Giay/dep/44003/Giay_Mule_Adifom_IIInfinity_DJen_IG6969_06_standard.avif'),
(811, 44003, 'img/img/Giay/dep/44003/Giay_Mule_Adifom_IIInfinity_DJen_IG6969_41_detail.avif'),
(812, 44003, 'img/img/Giay/dep/44003/Giay_Mule_Adifom_IIInfinity_DJen_IG6969_42_detail.avif'),
(813, 44004, 'img/img/Giay/dep/44004/Dep_ZPLAASH_DJen_IF8665_01_standard.avif'),
(814, 44004, 'img/img/Giay/dep/44004/Dep_ZPLAASH_DJen_IF8665_02_standard_hover.avif'),
(815, 44004, 'img/img/Giay/dep/44004/Dep_ZPLAASH_DJen_IF8665_03_standard.avif'),
(816, 44004, 'img/img/Giay/dep/44004/Dep_ZPLAASH_DJen_IF8665_04_standard.avif'),
(817, 44004, 'img/img/Giay/dep/44004/Dep_ZPLAASH_DJen_IF8665_05_standard.avif'),
(818, 44004, 'img/img/Giay/dep/44004/Dep_ZPLAASH_DJen_IF8665_06_standard.avif'),
(819, 44004, 'img/img/Giay/dep/44004/Dep_ZPLAASH_DJen_IF8665_41_detail.avif'),
(820, 44004, 'img/img/Giay/dep/44004/Dep_ZPLAASH_DJen_IF8665_42_detail.avif'),
(821, 44005, 'img/img/Giay/dep/44005/ADILETTE_ZPLAASH_Hong_IG6874_01_standard.avif'),
(822, 44005, 'img/img/Giay/dep/44005/ADILETTE_ZPLAASH_Hong_IG6874_02_standard_hover.avif'),
(823, 44005, 'img/img/Giay/dep/44005/ADILETTE_ZPLAASH_Hong_IG6874_03_standard.avif'),
(824, 44005, 'img/img/Giay/dep/44005/ADILETTE_ZPLAASH_Hong_IG6874_41_detail.avif'),
(825, 44005, 'img/img/Giay/dep/44005/ADILETTE_ZPLAASH_Hong_IG6874_42_detail.avif'),
(826, 44006, 'img/img/Giay/dep/44006/Dep_Adifom_Superstar_Mule_Low_nau_IE9084_01_standard.avif'),
(827, 44006, 'img/img/Giay/dep/44006/Dep_Adifom_Superstar_Mule_Low_nau_IE9084_02_standard_hover.avif'),
(828, 44006, 'img/img/Giay/dep/44006/Dep_Adifom_Superstar_Mule_Low_nau_IE9084_03_standard.avif'),
(829, 44006, 'img/img/Giay/dep/44006/Dep_Adifom_Superstar_Mule_Low_nau_IE9084_41_detail.avif'),
(830, 44006, 'img/img/Giay/dep/44006/Dep_Adifom_Superstar_Mule_Low_nau_IE9084_42_detail.avif'),
(831, 44007, 'img/img/Giay/dep/44007/Dep_adilette_Flow_mau_xanh_la_IG6865_01_standard.avif'),
(832, 44007, 'img/img/Giay/dep/44007/Dep_adilette_Flow_mau_xanh_la_IG6865_02_standard_hover_hover.avif'),
(833, 44007, 'img/img/Giay/dep/44007/Dep_adilette_Flow_mau_xanh_la_IG6865_03_standard.avif'),
(834, 44007, 'img/img/Giay/dep/44007/Dep_adilette_Flow_mau_xanh_la_IG6865_41_detail.avif'),
(835, 44007, 'img/img/Giay/dep/44007/Dep_adilette_Flow_mau_xanh_la_IG6865_42_detail.avif'),
(836, 43001, 'img/img/Giay/Golf/43001/Giay_Golf_DJinh_Lien_Superstar_Rolling_Links_trang_IH2500_HM1 (1).avif'),
(837, 43001, 'img/img/Giay/Golf/43001/Giay_Golf_DJinh_Lien_Superstar_Rolling_Links_trang_IH2500_HM1.avif'),
(838, 43001, 'img/img/Giay/Golf/43001/Giay_Golf_DJinh_Lien_Superstar_Rolling_Links_trang_IH2500_HM10.avif'),
(839, 43001, 'img/img/Giay/Golf/43001/Giay_Golf_DJinh_Lien_Superstar_Rolling_Links_trang_IH2500_HM3_hover.avif'),
(840, 43001, 'img/img/Giay/Golf/43001/Giay_Golf_DJinh_Lien_Superstar_Rolling_Links_trang_IH2500_HM4.avif'),
(841, 43001, 'img/img/Giay/Golf/43001/Giay_Golf_DJinh_Lien_Superstar_Rolling_Links_trang_IH2500_HM4_hover.avif'),
(842, 43001, 'img/img/Giay/Golf/43001/Giay_Golf_DJinh_Lien_Superstar_Rolling_Links_trang_IH2500_HM5.avif'),
(843, 43001, 'img/img/Giay/Golf/43001/Giay_Golf_DJinh_Lien_Superstar_Rolling_Links_trang_IH2500_HM5_hover.avif'),
(844, 43001, 'img/img/Giay/Golf/43001/Giay_Golf_DJinh_Lien_Superstar_Rolling_Links_trang_IH2500_HM6.avif'),
(845, 43001, 'img/img/Giay/Golf/43001/Giay_Golf_DJinh_Lien_Superstar_Rolling_Links_trang_IH2500_HM7.avif'),
(846, 43001, 'img/img/Giay/Golf/43001/Giay_Golf_DJinh_Lien_Superstar_Rolling_Links_trang_IH2500_HM8.avif'),
(847, 43002, 'img/img/Giay/Golf/43002/Giay_Golf_DJinh_Lien_Rong_Ngang_S2G_BOA_24_Xam_ID8702_01_00_standard.avif'),
(848, 43002, 'img/img/Giay/Golf/43002/Giay_Golf_DJinh_Lien_Rong_Ngang_S2G_BOA_24_Xam_ID8702_01_03_hover_standard.avif'),
(849, 43002, 'img/img/Giay/Golf/43002/Giay_Golf_DJinh_Lien_Rong_Ngang_S2G_BOA_24_Xam_ID8702_02_standard.avif'),
(850, 43002, 'img/img/Giay/Golf/43002/Giay_Golf_DJinh_Lien_Rong_Ngang_S2G_BOA_24_Xam_ID8702_03_standard.avif'),
(851, 43002, 'img/img/Giay/Golf/43002/Giay_Golf_DJinh_Lien_Rong_Ngang_S2G_BOA_24_Xam_ID8702_04_standard.avif'),
(852, 43002, 'img/img/Giay/Golf/43002/Giay_Golf_DJinh_Lien_Rong_Ngang_S2G_BOA_24_Xam_ID8702_05_standard.avif'),
(853, 43002, 'img/img/Giay/Golf/43002/Giay_Golf_DJinh_Lien_Rong_Ngang_S2G_BOA_24_Xam_ID8702_06_standard.avif'),
(854, 43002, 'img/img/Giay/Golf/43002/Giay_Golf_DJinh_Lien_Rong_Ngang_S2G_BOA_24_Xam_ID8702_16_hover_standard.avif'),
(855, 43003, 'img/img/Giay/Golf/43003/Giay_Golf_DJinh_Lien_MC_Z-Traxion_Rolling_Links_DJen_IF1699_HM1.avif'),
(856, 43003, 'img/img/Giay/Golf/43003/Giay_Golf_DJinh_Lien_MC_Z-Traxion_Rolling_Links_DJen_IF1699_HM3_hover.avif'),
(857, 43003, 'img/img/Giay/Golf/43003/Giay_Golf_DJinh_Lien_MC_Z-Traxion_Rolling_Links_DJen_IF1699_HM4_hover.avif'),
(858, 43003, 'img/img/Giay/Golf/43003/Giay_Golf_DJinh_Lien_MC_Z-Traxion_Rolling_Links_DJen_IF1699_HM5.avif'),
(859, 43003, 'img/img/Giay/Golf/43003/Giay_Golf_DJinh_Lien_MC_Z-Traxion_Rolling_Links_DJen_IF1699_HM6.avif'),
(860, 43003, 'img/img/Giay/Golf/43003/Giay_Golf_DJinh_Lien_MC_Z-Traxion_Rolling_Links_DJen_IF1699_HM7.avif'),
(861, 43004, 'img/img/Giay/Golf/43004/Giay_Golf_Traxion_Lite_BOA_24_trang_ID8606_01_standard.avif'),
(862, 43004, 'img/img/Giay/Golf/43004/Giay_Golf_Traxion_Lite_BOA_24_trang_ID8606_02_standard_hover.avif'),
(863, 43004, 'img/img/Giay/Golf/43004/Giay_Golf_Traxion_Lite_BOA_24_trang_ID8606_03_standard.avif'),
(864, 43004, 'img/img/Giay/Golf/43004/Giay_Golf_Traxion_Lite_BOA_24_trang_ID8606_04_standard.avif'),
(865, 43004, 'img/img/Giay/Golf/43004/Giay_Golf_Traxion_Lite_BOA_24_trang_ID8606_05_standard.avif'),
(866, 43004, 'img/img/Giay/Golf/43004/Giay_Golf_Traxion_Lite_BOA_24_trang_ID8606_06_standard.avif'),
(867, 43004, 'img/img/Giay/Golf/43004/Giay_Golf_Traxion_Lite_BOA_24_trang_ID8606_41_detail.avif'),
(868, 43004, 'img/img/Giay/Golf/43004/Giay_Golf_Traxion_Lite_BOA_24_trang_ID8606_42_detail.avif'),
(869, 43005, 'img/img/Giay/Golf/43005/Giay_Golf_DJinh_Lien_Superstar_trang_IE6052_01_standard.avif'),
(870, 43005, 'img/img/Giay/Golf/43005/Giay_Golf_DJinh_Lien_Superstar_trang_IE6052_02_standard_hover_hover_hover_hover_hover_hover.avif'),
(871, 43005, 'img/img/Giay/Golf/43005/Giay_Golf_DJinh_Lien_Superstar_trang_IE6052_03_standard.avif'),
(872, 43005, 'img/img/Giay/Golf/43005/Giay_Golf_DJinh_Lien_Superstar_trang_IE6052_04_standard.avif'),
(873, 43005, 'img/img/Giay/Golf/43005/Giay_Golf_DJinh_Lien_Superstar_trang_IE6052_05_standard.avif'),
(874, 43005, 'img/img/Giay/Golf/43005/Giay_Golf_DJinh_Lien_Superstar_trang_IE6052_06_standard.avif'),
(875, 43005, 'img/img/Giay/Golf/43005/Giay_Golf_DJinh_Lien_Superstar_trang_IE6052_09_standard.avif'),
(876, 43006, 'img/img/Giay/Golf/43006/Giay_Golf_DJinh_Lien_S2g_Mid_trang_ID8578_012_hover_standard.avif'),
(877, 43006, 'img/img/Giay/Golf/43006/Giay_Golf_DJinh_Lien_S2g_Mid_trang_ID8578_01_standard.avif'),
(878, 43006, 'img/img/Giay/Golf/43006/Giay_Golf_DJinh_Lien_S2g_Mid_trang_ID8578_02_standard.avif'),
(879, 43006, 'img/img/Giay/Golf/43006/Giay_Golf_DJinh_Lien_S2g_Mid_trang_ID8578_03_standard.avif'),
(880, 43006, 'img/img/Giay/Golf/43006/Giay_Golf_DJinh_Lien_S2g_Mid_trang_ID8578_04_standard.avif'),
(881, 43006, 'img/img/Giay/Golf/43006/Giay_Golf_DJinh_Lien_S2g_Mid_trang_ID8578_05_standard.avif'),
(882, 42001, 'img/img/Giay/tennis/42001/Giay_Tennis_Solematch_Control_2_Ngoc_lam_ID5680_HM1.avif'),
(883, 42001, 'img/img/Giay/tennis/42001/Giay_Tennis_Solematch_Control_2_Ngoc_lam_ID5680_HM10.avif'),
(884, 42001, 'img/img/Giay/tennis/42001/Giay_Tennis_Solematch_Control_2_Ngoc_lam_ID5680_HM3_hover.avif'),
(885, 42001, 'img/img/Giay/tennis/42001/Giay_Tennis_Solematch_Control_2_Ngoc_lam_ID5680_HM4.avif'),
(886, 42001, 'img/img/Giay/tennis/42001/Giay_Tennis_Solematch_Control_2_Ngoc_lam_ID5680_HM5.avif'),
(887, 42001, 'img/img/Giay/tennis/42001/Giay_Tennis_Solematch_Control_2_Ngoc_lam_ID5680_HM6.avif'),
(888, 42001, 'img/img/Giay/tennis/42001/Giay_Tennis_Solematch_Control_2_Ngoc_lam_ID5680_HM7.avif'),
(889, 42001, 'img/img/Giay/tennis/42001/Giay_Tennis_Solematch_Control_2_Ngoc_lam_ID5680_HM8.avif'),
(890, 42001, 'img/img/Giay/tennis/42001/Giay_Tennis_Solematch_Control_2_Ngoc_lam_ID5680_HM9.avif'),
(891, 42002, 'img/img/Giay/tennis/42002/Giay_Tennis_Barricade_13_trang_IF9129_HM1.avif'),
(892, 42002, 'img/img/Giay/tennis/42002/Giay_Tennis_Barricade_13_trang_IF9129_HM10.avif'),
(893, 42002, 'img/img/Giay/tennis/42002/Giay_Tennis_Barricade_13_trang_IF9129_HM11.avif'),
(894, 42002, 'img/img/Giay/tennis/42002/Giay_Tennis_Barricade_13_trang_IF9129_HM3_hover.avif'),
(895, 42002, 'img/img/Giay/tennis/42002/Giay_Tennis_Barricade_13_trang_IF9129_HM4.avif'),
(896, 42002, 'img/img/Giay/tennis/42002/Giay_Tennis_Barricade_13_trang_IF9129_HM5.avif'),
(897, 42002, 'img/img/Giay/tennis/42002/Giay_Tennis_Barricade_13_trang_IF9129_HM6.avif'),
(898, 42002, 'img/img/Giay/tennis/42002/Giay_Tennis_Barricade_13_trang_IF9129_HM7.avif'),
(899, 42002, 'img/img/Giay/tennis/42002/Giay_Tennis_Barricade_13_trang_IF9129_HM8.avif'),
(900, 42003, 'img/img/Giay/tennis/42003/Giay_Tennis_adizero_Ubersonic_4_DJo_HQ8379_010_hover_standard.avif'),
(901, 42003, 'img/img/Giay/tennis/42003/Giay_Tennis_adizero_Ubersonic_4_DJo_HQ8379_01_standard.avif'),
(902, 42003, 'img/img/Giay/tennis/42003/Giay_Tennis_adizero_Ubersonic_4_DJo_HQ8379_02_standard.avif'),
(903, 42003, 'img/img/Giay/tennis/42003/Giay_Tennis_adizero_Ubersonic_4_DJo_HQ8379_03_standard.avif'),
(904, 42003, 'img/img/Giay/tennis/42003/Giay_Tennis_adizero_Ubersonic_4_DJo_HQ8379_05_standard.avif'),
(905, 42003, 'img/img/Giay/tennis/42003/Giay_Tennis_adizero_Ubersonic_4_DJo_HQ8379_09_standard.avif'),
(906, 42003, 'img/img/Giay/tennis/42003/Giay_Tennis_adizero_Ubersonic_4_DJo_HQ8379_41_detail.avif'),
(907, 42003, 'img/img/Giay/tennis/42003/Giay_Tennis_adizero_Ubersonic_4_DJo_HQ8379_42_detail.avif'),
(908, 42004, 'img/img/Giay/tennis/42004/Giay_Tennis_CourtJam_Control_trang_ID1538_010_hover_standard.avif'),
(909, 42004, 'img/img/Giay/tennis/42004/Giay_Tennis_CourtJam_Control_trang_ID1538_01_standard.avif'),
(910, 42004, 'img/img/Giay/tennis/42004/Giay_Tennis_CourtJam_Control_trang_ID1538_02_standard.avif'),
(911, 42004, 'img/img/Giay/tennis/42004/Giay_Tennis_CourtJam_Control_trang_ID1538_03_standard.avif'),
(912, 42004, 'img/img/Giay/tennis/42004/Giay_Tennis_CourtJam_Control_trang_ID1538_05_standard.avif'),
(913, 42004, 'img/img/Giay/tennis/42004/Giay_Tennis_CourtJam_Control_trang_ID1538_09_standard.avif'),
(914, 42004, 'img/img/Giay/tennis/42004/Giay_Tennis_CourtJam_Control_trang_ID1538_43_detail.avif'),
(915, 42005, 'img/img/Giay/tennis/42005/Giay_Tennis_Adizero_Ubersonic_4.1_DJen_ID1564_HM1.avif'),
(916, 42005, 'img/img/Giay/tennis/42005/Giay_Tennis_Adizero_Ubersonic_4.1_DJen_ID1564_HM3_hover.avif'),
(917, 42005, 'img/img/Giay/tennis/42005/Giay_Tennis_Adizero_Ubersonic_4.1_DJen_ID1564_HM4.avif'),
(918, 42005, 'img/img/Giay/tennis/42005/Giay_Tennis_Adizero_Ubersonic_4.1_DJen_ID1564_HM5.avif'),
(919, 42005, 'img/img/Giay/tennis/42005/Giay_Tennis_Adizero_Ubersonic_4.1_DJen_ID1564_HM6.avif'),
(920, 42005, 'img/img/Giay/tennis/42005/Giay_Tennis_Adizero_Ubersonic_4.1_DJen_ID1564_HM9.avif'),
(921, 42006, 'img/img/Giay/tennis/42006/Giay_Advantage_2.0_trang_IF1661_HM1.avif'),
(922, 42006, 'img/img/Giay/tennis/42006/Giay_Advantage_2.0_trang_IF1661_HM10.avif'),
(923, 42006, 'img/img/Giay/tennis/42006/Giay_Advantage_2.0_trang_IF1661_HM3_hover.avif'),
(924, 42006, 'img/img/Giay/tennis/42006/Giay_Advantage_2.0_trang_IF1661_HM4.avif'),
(925, 42006, 'img/img/Giay/tennis/42006/Giay_Advantage_2.0_trang_IF1661_HM5.avif'),
(926, 42006, 'img/img/Giay/tennis/42006/Giay_Advantage_2.0_trang_IF1661_HM6.avif'),
(927, 42006, 'img/img/Giay/tennis/42006/Giay_Advantage_2.0_trang_IF1661_HM7.avif'),
(928, 42006, 'img/img/Giay/tennis/42006/Giay_Advantage_2.0_trang_IF1661_HM9.avif'),
(929, 42007, 'img/img/Giay/tennis/42007/Giay_Tennis_Courtjam_Control_3_trang_IF7888_01_standard.avif'),
(930, 42007, 'img/img/Giay/tennis/42007/Giay_Tennis_Courtjam_Control_3_trang_IF7888_02_standard_hover_hover_hover_hover.avif'),
(931, 42007, 'img/img/Giay/tennis/42007/Giay_Tennis_Courtjam_Control_3_trang_IF7888_03_standard.avif'),
(932, 42007, 'img/img/Giay/tennis/42007/Giay_Tennis_Courtjam_Control_3_trang_IF7888_04_standard.avif'),
(933, 42007, 'img/img/Giay/tennis/42007/Giay_Tennis_Courtjam_Control_3_trang_IF7888_05_standard.avif'),
(934, 42007, 'img/img/Giay/tennis/42007/Giay_Tennis_Courtjam_Control_3_trang_IF7888_09_standard.avif'),
(935, 42007, 'img/img/Giay/tennis/42007/Giay_Tennis_Courtjam_Control_3_trang_IF7888_41_detail.avif'),
(936, 31001, 'img/img/Phu_kien/balo_tui/31001/2484SW.TU003.1_11.webp'),
(937, 31001, 'img/img/Phu_kien/balo_tui/31001/2484SW.TU003.2_8.webp'),
(938, 31001, 'img/img/Phu_kien/balo_tui/31001/2484SW.TU003.3.webp'),
(939, 31001, 'img/img/Phu_kien/balo_tui/31001/2484SW.TU003.4.webp'),
(940, 31001, 'img/img/Phu_kien/balo_tui/31001/2484SW.TU003.6.webp'),
(941, 31001, 'img/img/Phu_kien/balo_tui/31001/2484SW.TU003.7.webp'),
(942, 31002, 'img/img/Phu_kien/balo_tui/31002/1_29.webp'),
(943, 31002, 'img/img/Phu_kien/balo_tui/31002/3_47.webp'),
(944, 31002, 'img/img/Phu_kien/balo_tui/31002/Lon.webp'),
(945, 31002, 'img/img/Phu_kien/balo_tui/31002/maudenthumb_93.webp'),
(946, 31002, 'img/img/Phu_kien/balo_tui/31002/tuidenanhso5.webp'),
(947, 31002, 'img/img/Phu_kien/balo_tui/31002/Ultility_Duffle_Bag_38L_-_Den_8.webp'),
(948, 31002, 'img/img/Phu_kien/balo_tui/31002/Ultility_Duffle_Bag_38L_-_Den_9.webp'),
(949, 31003, 'img/img/Phu_kien/balo_tui/31003/1_62.webp'),
(950, 31003, 'img/img/Phu_kien/balo_tui/31003/2_23.webp'),
(951, 31003, 'img/img/Phu_kien/balo_tui/31003/mauxamthumb_54.webp'),
(952, 31003, 'img/img/Phu_kien/balo_tui/31003/Nho_trang.webp'),
(953, 31003, 'img/img/Phu_kien/balo_tui/31003/Ultility_Duffle_Bag_18L_-_Xam_7.webp'),
(954, 31003, 'img/img/Phu_kien/balo_tui/31003/Ultility_Duffle_Bag_38L_-_Xam_1.webp'),
(955, 31004, 'img/img/Phu_kien/balo_tui/31004/24CMCW.TU001.10_73.webp'),
(956, 31004, 'img/img/Phu_kien/balo_tui/31004/24CMCW.TU001.7_34.webp'),
(957, 31004, 'img/img/Phu_kien/balo_tui/31004/24CMCW.TU001.8_22.webp'),
(958, 31004, 'img/img/Phu_kien/balo_tui/31004/24CMCW.TU001.9_53.webp'),
(959, 31005, 'img/img/Phu_kien/balo_tui/31005/84tuidissney3.webp'),
(960, 31005, 'img/img/Phu_kien/balo_tui/31005/tui-tote-disney-3.webp'),
(961, 31005, 'img/img/Phu_kien/balo_tui/31005/tui-tote-disney-4.webp'),
(962, 31005, 'img/img/Phu_kien/balo_tui/31005/tui-tote-disney-5.webp'),
(963, 31005, 'img/img/Phu_kien/balo_tui/31005/Tui_Tote_84RISING_-_Chuot_Mickey__nhung_nguoi_ban_Disney_-_Typo_shadow1.jpg'),
(964, 31005, 'img/img/Phu_kien/balo_tui/31005/Tui_Tote_84RISING_-_Chuot_Mickey__nhung_nguoi_ban_Disney_-_Typo_shadow2.jpg'),
(965, 31006, 'img/img/Phu_kien/balo_tui/31006/ssDrop_Arm_Gym_Powerfit_Xam_9.webp'),
(966, 31006, 'img/img/Phu_kien/balo_tui/31006/sTui_Gym_10.webp'),
(967, 31006, 'img/img/Phu_kien/balo_tui/31006/sTui_Gym_9.webp'),
(968, 31006, 'img/img/Phu_kien/balo_tui/31006/tui_trong_gym-1.webp'),
(969, 31006, 'img/img/Phu_kien/balo_tui/31006/tui_trong_gym-3.webp'),
(970, 31006, 'img/img/Phu_kien/balo_tui/31006/tui_trong_gym-7.webp'),
(971, 31007, 'img/img/Phu_kien/balo_tui/31007/1426x2100_(1)222.webp'),
(972, 31007, 'img/img/Phu_kien/balo_tui/31007/teeclean1bag_1-2222.webp'),
(973, 33001, 'img/img/Phu_kien/mu/33001/mu-beanie-84-mau-vang1.webp'),
(974, 33001, 'img/img/Phu_kien/mu/33001/mu-beanie-84-mau-vang2.webp'),
(975, 33001, 'img/img/Phu_kien/mu/33001/mu-beanie-84-mau-vang3.webp'),
(976, 33001, 'img/img/Phu_kien/mu/33001/mu-beanie-84-mau-vang4.webp'),
(977, 33001, 'img/img/Phu_kien/mu/33001/mu-beanie-84-mau-vang5.webp'),
(978, 33001, 'img/img/Phu_kien/mu/33001/mu_beanie84-5.webp'),
(979, 33002, 'img/img/Phu_kien/mu/33002/24CMCW.MU001.5.webp'),
(980, 33002, 'img/img/Phu_kien/mu/33002/24CMCW.MU003.21z.webp'),
(981, 33002, 'img/img/Phu_kien/mu/33002/24CMCW.MU003.22z_30.webp'),
(982, 33002, 'img/img/Phu_kien/mu/33002/g24CMCW.MU001.2.webp'),
(983, 33002, 'img/img/Phu_kien/mu/33002/g24CMCW.MU001.3.webp'),
(984, 33002, 'img/img/Phu_kien/mu/33002/ogototton2_86.webp'),
(985, 33003, 'img/img/Phu_kien/mu/33003/mu-beanie2_96.webp'),
(986, 33003, 'img/img/Phu_kien/mu/33003/mu-len-theu-logo-coolmate-mau-kem1.webp'),
(987, 33003, 'img/img/Phu_kien/mu/33003/mu-len-theu-logo-coolmate-mau-kem2.webp'),
(988, 33003, 'img/img/Phu_kien/mu/33003/mu-len-theu-logo-coolmate-mau-kem3.webp'),
(989, 33003, 'img/img/Phu_kien/mu/33003/mu-len-theu-logo-coolmate-mau-kem4.webp'),
(990, 33004, 'img/img/Phu_kien/mu/33004/Mu_Luoi_Trai_RAIN.RDY_Terrex_DJen_IN4641_01_standard.avif'),
(991, 33004, 'img/img/Phu_kien/mu/33004/Mu_Luoi_Trai_RAIN.RDY_Terrex_DJen_IN4641_02_standard_hover_hover.avif'),
(992, 33004, 'img/img/Phu_kien/mu/33004/Mu_Luoi_Trai_RAIN.RDY_Terrex_DJen_IN4641_41_detail.avif'),
(993, 33004, 'img/img/Phu_kien/mu/33004/Mu_Luoi_Trai_RAIN.RDY_Terrex_DJen_IN4641_42_detail.avif'),
(994, 32001, 'img/img/Phu_kien/tat/32001/TCN.CB.ES.10_9.webp'),
(995, 32001, 'img/img/Phu_kien/tat/32001/TCN.CB.ES.1_74.webp'),
(996, 32001, 'img/img/Phu_kien/tat/32001/TCN.CB.ES.2_28.webp'),
(997, 32001, 'img/img/Phu_kien/tat/32001/TCN.CB.ES.3_97.webp'),
(998, 32001, 'img/img/Phu_kien/tat/32001/TCN.CB.ES.5_77.webp'),
(999, 32001, 'img/img/Phu_kien/tat/32001/TCN.CB.ES.7_2.webp'),
(1000, 32001, 'img/img/Phu_kien/tat/32001/TCN.CB.ES.9_69.webp'),
(1001, 32002, 'img/img/Phu_kien/tat/32002/10.webp'),
(1002, 32002, 'img/img/Phu_kien/tat/32002/11.webp'),
(1003, 32002, 'img/img/Phu_kien/tat/32002/12.webp'),
(1004, 32002, 'img/img/Phu_kien/tat/32002/24CMAW.TA012_Xam_3_22.webp'),
(1005, 32003, 'img/img/Phu_kien/tat/32003/2D-co_dai_anti_truot-2.webp'),
(1006, 32003, 'img/img/Phu_kien/tat/32003/zzCotton_Short_6in_Reu_3.webp'),
(1007, 32003, 'img/img/Phu_kien/tat/32003/_CMM8296_2.webp'),
(1008, 32003, 'img/img/Phu_kien/tat/32003/_CMM8299.webp'),
(1009, 32003, 'img/img/Phu_kien/tat/32003/_CMM8302.webp'),
(1010, 32003, 'img/img/Phu_kien/tat/32003/_CMM8306_61.webp'),
(1011, 32003, 'img/img/Phu_kien/tat/32003/_CMM8314.webp'),
(1012, 32004, 'img/img/Phu_kien/tat/32004/TAT_BONG_DA_CO_CAOIMG_9710.webp'),
(1013, 32004, 'img/img/Phu_kien/tat/32004/TAT_BONG_DA_CO_CAOIMG_9712.webp'),
(1014, 32004, 'img/img/Phu_kien/tat/32004/TAT_BONG_DA_CO_CAOIMG_9714.webp'),
(1015, 32004, 'img/img/Phu_kien/tat/32004/TAT_BONG_DA_CO_CAOIMG_9717.webp'),
(1016, 32004, 'img/img/Phu_kien/tat/32004/TAT_BONG_DA_CO_CAOIMG_9719.webp'),
(1017, 32004, 'img/img/Phu_kien/tat/32004/TAT_BONG_DA_CO_CAO_1.webp'),
(1018, 32005, 'img/img/Phu_kien/tat/32005/10doitacngan.1_14.webp'),
(1019, 32005, 'img/img/Phu_kien/tat/32005/23CMCW.TA001.4_63.webp'),
(1020, 32005, 'img/img/Phu_kien/tat/32005/23CMCW.TA001.5.webp'),
(1021, 32005, 'img/img/Phu_kien/tat/32005/23CMCW.TA001.6.webp'),
(1022, 32005, 'img/img/Phu_kien/tat/32005/tc_socks.5.webp'),
(1023, 32005, 'img/img/Phu_kien/tat/32005/_CMM9332s.webp'),
(1024, 32006, 'img/img/Phu_kien/tat/32006/124CMAW.TA002_copy.webp'),
(1025, 32006, 'img/img/Phu_kien/tat/32006/224CMAW.TA002_copy.webp'),
(1026, 32006, 'img/img/Phu_kien/tat/32006/24CMAW.TA002_copy.webp'),
(1027, 32006, 'img/img/Phu_kien/tat/32006/tatgymlogomoithumb.1_75.webp'),
(1028, 32007, 'img/img/Phu_kien/tat/32007/2(3)_60.webp'),
(1029, 32007, 'img/img/Phu_kien/tat/32007/_PHD1039_83.webp'),
(1030, 32007, 'img/img/Phu_kien/tat/32007/_PHD1044_57.webp'),
(1031, 32007, 'img/img/Phu_kien/tat/32007/_PHD1048_84.webp'),
(1032, 32007, 'img/img/Phu_kien/tat/32007/_PHD1052_8.webp'),
(1033, 13001, 'img/img/Quan/jeans/13001/_-CCD.QJ.ST.2.webp'),
(1034, 13001, 'img/img/Quan/jeans/13001/_CCD.QJ.ST.1.webp'),
(1035, 13001, 'img/img/Quan/jeans/13001/_CCD.QJ.ST.10.webp'),
(1036, 13001, 'img/img/Quan/jeans/13001/_CCD.QJ.ST.3.webp'),
(1037, 13001, 'img/img/Quan/jeans/13001/_CCD.QJ.ST.6.webp'),
(1038, 13001, 'img/img/Quan/jeans/13001/_CCD.QJ.ST.8.webp'),
(1039, 13002, 'img/img/Quan/jeans/13002/23CMCW.JE006.XAN.1.webp'),
(1040, 13002, 'img/img/Quan/jeans/13002/23CMCW.JE006.XAN.2.webp'),
(1041, 13002, 'img/img/Quan/jeans/13002/23CMCW.JE006.XAN.3.webp'),
(1042, 13002, 'img/img/Quan/jeans/13002/23CMCW.JE006.XAN.6.webp'),
(1043, 13002, 'img/img/Quan/jeans/13002/23CMCW.JE006.XAN.7.webp'),
(1044, 13002, 'img/img/Quan/jeans/13002/Quan_Jeans_Nam_sieu_nhe.xanh_nhat.webp'),
(1045, 13003, 'img/img/Quan/jeans/13003/23CMCW.JE003.10.webp'),
(1046, 13003, 'img/img/Quan/jeans/13003/23CMCW.JE003.7_17.webp'),
(1047, 13003, 'img/img/Quan/jeans/13003/23CMCW.JE003.8_30.webp'),
(1048, 13003, 'img/img/Quan/jeans/13003/23CMCW.JE003.9.webp'),
(1049, 13003, 'img/img/Quan/jeans/13003/Quan_Jeans_Nam_Basics_dang_Straight._xam_dam.webp'),
(1050, 13004, 'img/img/Quan/jeans/13004/Coolmate_x_Copper_Denim__Quan_Jeans_dang_Slim_Fit10.webp'),
(1051, 13004, 'img/img/Quan/jeans/13004/Coolmate_x_Copper_Jeans_-_Slimfit__-_Xanh_dam_3.webp'),
(1052, 13004, 'img/img/Quan/jeans/13004/Coolmate_x_Copper_Jeans_-_Slimfit__-_Xanh_dam_5.webp'),
(1053, 13004, 'img/img/Quan/jeans/13004/Coolmate_x_Copper_Jeans_-_Slimfit__-_Xanh_dam_6.webp'),
(1054, 13004, 'img/img/Quan/jeans/13004/Quan_Jeans_dang_Slim_Fit-thumb-1.webp'),
(1055, 13004, 'img/img/Quan/jeans/13004/zCoolmate_x_Copper_Jeans_-_Slimfit__-_Xanh_dam_7.webp'),
(1056, 13005, 'img/img/Quan/jeans/13005/Coolmate_x_Copper_Denim__Quan_Jeans_dang_OG_Slim10.webp'),
(1057, 13005, 'img/img/Quan/jeans/13005/Coolmate_x_Copper_Jeans_-_OG_Slim__-_Xanh_dam_2_copy.webp'),
(1058, 13005, 'img/img/Quan/jeans/13005/Coolmate_x_Copper_Jeans_-_OG_Slim__-_Xanh_dam_3_copy.webp'),
(1059, 13005, 'img/img/Quan/jeans/13005/Coolmate_x_Copper_Jeans_-_OG_Slim__-_Xanh_dam_4_copy.webp'),
(1060, 13005, 'img/img/Quan/jeans/13005/Coolmate_x_Copper_Jeans_-_OG_Slim__-_Xanh_dam_6_copy.webp'),
(1061, 13005, 'img/img/Quan/jeans/13005/Quan_Jeans_dang_OG_Slim-thuumb-1.webp'),
(1062, 13005, 'img/img/Quan/jeans/13005/zCoolmate_x_Copper_Jeans_-_OG_Slim__-_Xanh_dam_7.webp'),
(1063, 13006, 'img/img/Quan/jeans/13006/23CMCW.JE002.10.webp'),
(1064, 13006, 'img/img/Quan/jeans/13006/23CMCW.JE002.6.webp'),
(1065, 13006, 'img/img/Quan/jeans/13006/23CMCW.JE002.7_72.webp'),
(1066, 13006, 'img/img/Quan/jeans/13006/23CMCW.JE002.8.webp'),
(1067, 13006, 'img/img/Quan/jeans/13006/23CMCW.JE002.9_33.webp'),
(1068, 15001, 'img/img/Quan/quan_boi/15001/do_do1.webp'),
(1069, 15001, 'img/img/Quan/quan_boi/15001/do_do2.webp'),
(1070, 15001, 'img/img/Quan/quan_boi/15001/do_do3.webp'),
(1071, 15001, 'img/img/Quan/quan_boi/15001/do_do4.webp'),
(1072, 15001, 'img/img/Quan/quan_boi/15001/do_do5.webp'),
(1073, 15001, 'img/img/Quan/quan_boi/15001/do_do6.webp'),
(1074, 15002, 'img/img/Quan/quan_boi/15002/xanh1_30.webp'),
(1075, 15002, 'img/img/Quan/quan_boi/15002/xanh2_94.webp'),
(1076, 15002, 'img/img/Quan/quan_boi/15002/xanh3_17.webp'),
(1077, 15002, 'img/img/Quan/quan_boi/15002/xanh4_68.webp'),
(1078, 15002, 'img/img/Quan/quan_boi/15002/xanh5_49.webp'),
(1079, 15002, 'img/img/Quan/quan_boi/15002/xanh6_54.webp'),
(1080, 15003, 'img/img/Quan/quan_boi/15003/H1.webp'),
(1081, 15003, 'img/img/Quan/quan_boi/15003/h2.webp'),
(1082, 15003, 'img/img/Quan/quan_boi/15003/h3.webp'),
(1083, 15003, 'img/img/Quan/quan_boi/15003/h4.webp'),
(1084, 15003, 'img/img/Quan/quan_boi/15003/h5.webp'),
(1085, 15003, 'img/img/Quan/quan_boi/15003/h6.webp'),
(1086, 15004, 'img/img/Quan/quan_boi/15004/h1.webp'),
(1087, 15004, 'img/img/Quan/quan_boi/15004/h2.webp'),
(1088, 15004, 'img/img/Quan/quan_boi/15004/h3.webp'),
(1089, 15004, 'img/img/Quan/quan_boi/15004/h4.webp'),
(1090, 15004, 'img/img/Quan/quan_boi/15004/h5.webp'),
(1091, 15004, 'img/img/Quan/quan_boi/15004/h6.webp'),
(1092, 15005, 'img/img/Quan/quan_boi/15005/h1.webp'),
(1093, 15005, 'img/img/Quan/quan_boi/15005/h2.webp'),
(1094, 15005, 'img/img/Quan/quan_boi/15005/h3.webp'),
(1095, 15005, 'img/img/Quan/quan_boi/15005/h4.webp'),
(1096, 15005, 'img/img/Quan/quan_boi/15005/h5.webp'),
(1097, 15005, 'img/img/Quan/quan_boi/15005/h6.webp'),
(1098, 15006, 'img/img/Quan/quan_boi/15006/h1.webp'),
(1099, 15006, 'img/img/Quan/quan_boi/15006/h2.webp'),
(1100, 15006, 'img/img/Quan/quan_boi/15006/h3.webp'),
(1101, 15006, 'img/img/Quan/quan_boi/15006/h4.webp'),
(1102, 15006, 'img/img/Quan/quan_boi/15006/h5.webp'),
(1103, 15006, 'img/img/Quan/quan_boi/15006/h6.webp'),
(1104, 15007, 'img/img/Quan/quan_boi/15007/den1_64.webp'),
(1105, 15007, 'img/img/Quan/quan_boi/15007/den2_3.webp'),
(1106, 15007, 'img/img/Quan/quan_boi/15007/den3_18.webp'),
(1107, 15007, 'img/img/Quan/quan_boi/15007/den4_99.webp'),
(1108, 15007, 'img/img/Quan/quan_boi/15007/den5_87.webp'),
(1109, 15007, 'img/img/Quan/quan_boi/15007/den6_18.webp'),
(1110, 11001, 'img/img/Quan/quan_dai/11001/PANTS_Xanh_La_Dam_1.webp'),
(1111, 11001, 'img/img/Quan/quan_dai/11001/PANTS_Xanh_La_Dam_3.webp'),
(1112, 11001, 'img/img/Quan/quan_dai/11001/PANTS_Xanh_La_Dam_4.webp'),
(1113, 11001, 'img/img/Quan/quan_dai/11001/PANTS_Xanh_La_Dam_5.webp'),
(1114, 11001, 'img/img/Quan/quan_dai/11001/PANTS_Xanh_La_Dam_6.webp'),
(1115, 11001, 'img/img/Quan/quan_dai/11001/PANTS_Xanh_La_Dam_7.webp'),
(1116, 11002, 'img/img/Quan/quan_dai/11002/24CMCW.QD004_-__REU_2.1.webp'),
(1117, 11002, 'img/img/Quan/quan_dai/11002/24CMCW.QD004_-__REU_2.3.webp'),
(1118, 11002, 'img/img/Quan/quan_dai/11002/24CMCW.QD004_-__REU_2.4.webp'),
(1119, 11002, 'img/img/Quan/quan_dai/11002/24CMCW.QD004_-__REU_2.5.webp'),
(1120, 11002, 'img/img/Quan/quan_dai/11002/24CMCW.QD004_-__REU_2.6.webp'),
(1121, 11002, 'img/img/Quan/quan_dai/11002/24CMCW.QD004_-__REU_2.8.webp'),
(1122, 11003, 'img/img/Quan/quan_dai/11003/Quan_ECC_Tapped_Fit.17.webp'),
(1123, 11003, 'img/img/Quan/quan_dai/11003/Quan_ECC_Tapped_Fit.19.webp'),
(1124, 11003, 'img/img/Quan/quan_dai/11003/Quan_ECC_Tapped_Fit.20.webp'),
(1125, 11003, 'img/img/Quan/quan_dai/11003/Quan_ECC_Tapped_Fit.21.webp'),
(1126, 11003, 'img/img/Quan/quan_dai/11003/Quan_ECC_Tapped_Fit.22.webp'),
(1127, 11003, 'img/img/Quan/quan_dai/11003/Quan_ECC_Tapped_Fit.24.webp'),
(1128, 11004, 'img/img/Quan/quan_dai/11004/24CMAW.QD002.26.webp'),
(1129, 11004, 'img/img/Quan/quan_dai/11004/24CMAW.QD002.31.webp'),
(1130, 11004, 'img/img/Quan/quan_dai/11004/24CMAW.QD002.33.webp'),
(1131, 11004, 'img/img/Quan/quan_dai/11004/24CMAW.QD002.34.webp'),
(1132, 11004, 'img/img/Quan/quan_dai/11004/24CMAW.QD002.35.webp'),
(1133, 11004, 'img/img/Quan/quan_dai/11004/24CMAW.QD002.37.webp'),
(1134, 11004, 'img/img/Quan/quan_dai/11004/utpantv2thumb231_69.webp'),
(1135, 11005, 'img/img/Quan/quan_dai/11005/23CMCW.QD004.DEN.1_99.webp'),
(1136, 11005, 'img/img/Quan/quan_dai/11005/23CMCW.QD004.DEN.2_67.webp'),
(1137, 11005, 'img/img/Quan/quan_dai/11005/23CMCW.QD004.DEN.3_94s.webp'),
(1138, 11005, 'img/img/Quan/quan_dai/11005/23CMCW.QD004.DEN.5.webp'),
(1139, 11005, 'img/img/Quan/quan_dai/11005/23CMCW.QD004.DEN.6.webp'),
(1140, 11005, 'img/img/Quan/quan_dai/11005/IMG_2333_2.webp'),
(1141, 11005, 'img/img/Quan/quan_dai/11005/Quan_Dai_Nam_Kaki_Excool.den.webp'),
(1142, 11005, 'img/img/Quan/quan_dai/11005/_CMM0224.webp'),
(1143, 11006, 'img/img/Quan/quan_dai/11006/24CMCW.QD003.1_96.webp'),
(1144, 11006, 'img/img/Quan/quan_dai/11006/24CMCW.QD003.2_40.webp'),
(1145, 11006, 'img/img/Quan/quan_dai/11006/24CMCW.QD003.5_83.webp'),
(1146, 11006, 'img/img/Quan/quan_dai/11006/24CMCW.QD003.6_79.webp'),
(1147, 11006, 'img/img/Quan/quan_dai/11006/24CMCW.QD003.7_6.webp'),
(1148, 11006, 'img/img/Quan/quan_dai/11006/tappered4_26.webp'),
(1149, 11007, 'img/img/Quan/quan_dai/11007/23CMCW.QJ003.5.webp'),
(1150, 11007, 'img/img/Quan/quan_dai/11007/23CMCW.QJ003.6.webp');
INSERT INTO `product_images` (`image_id`, `product_id`, `image_url`) VALUES
(1151, 11007, 'img/img/Quan/quan_dai/11007/joggerutdanang2.webp'),
(1152, 11007, 'img/img/Quan/quan_dai/11007/joggerutdanang3.webp'),
(1153, 11007, 'img/img/Quan/quan_dai/11007/joggerutdanang9.webp'),
(1154, 11007, 'img/img/Quan/quan_dai/11007/utdanangthumb233.webp'),
(1155, 14001, 'img/img/Quan/quan_the_thao/14001/24CMAW.QS025.11.webp'),
(1156, 14001, 'img/img/Quan/quan_the_thao/14001/24CMAW.QS025.12_2.webp'),
(1157, 14001, 'img/img/Quan/quan_the_thao/14001/24CMAW.QS025.13.webp'),
(1158, 14001, 'img/img/Quan/quan_the_thao/14001/24CMAW.QS025.15.webp'),
(1159, 14001, 'img/img/Quan/quan_the_thao/14001/24CMAW.QS025.16.webp'),
(1160, 14001, 'img/img/Quan/quan_the_thao/14001/24CMAW.QS025.18_41.webp'),
(1161, 14001, 'img/img/Quan/quan_the_thao/14001/24CMAW.QS025.21_71.webp'),
(1162, 14002, 'img/img/Quan/quan_the_thao/14002/24CMAW.QJ002.27.webp'),
(1163, 14002, 'img/img/Quan/quan_the_thao/14002/24CMAW.QJ002.29_82.webp'),
(1164, 14002, 'img/img/Quan/quan_the_thao/14002/24CMAW.QJ002.30_97.webp'),
(1165, 14002, 'img/img/Quan/quan_the_thao/14002/24CMAW.QJ002.32.webp'),
(1166, 14002, 'img/img/Quan/quan_the_thao/14002/24CMAW.QJ002.35.webp'),
(1167, 14002, 'img/img/Quan/quan_the_thao/14002/24CMAW.QJ002.36.webp'),
(1168, 14003, 'img/img/Quan/quan_the_thao/14003/quan_cau_long_(1)-2.webp'),
(1169, 14003, 'img/img/Quan/quan_the_thao/14003/quan_cau_long_(2).webp'),
(1170, 14003, 'img/img/Quan/quan_the_thao/14003/quan_cau_long_(3).webp'),
(1171, 14003, 'img/img/Quan/quan_the_thao/14003/quan_cau_long_(4).webp'),
(1172, 14003, 'img/img/Quan/quan_the_thao/14003/quan_cau_long_(5).webp'),
(1173, 14003, 'img/img/Quan/quan_the_thao/14003/quan_cau_long_(6).webp'),
(1174, 14003, 'img/img/Quan/quan_the_thao/14003/quan_cau_long_(7).webp'),
(1175, 14003, 'img/img/Quan/quan_the_thao/14003/quan_cau_long_(8).webp'),
(1176, 14004, 'img/img/Quan/quan_the_thao/14004/24CMAW.QS018.31_58.webp'),
(1177, 14004, 'img/img/Quan/quan_the_thao/14004/24CMAW.QS018.32_21.webp'),
(1178, 14004, 'img/img/Quan/quan_the_thao/14004/24CMAW.QS018.33_69.jpg'),
(1179, 14004, 'img/img/Quan/quan_the_thao/14004/24CMAW.QS018.36_44.webp'),
(1180, 14004, 'img/img/Quan/quan_the_thao/14004/24CMAW.QS018.37_67.webp'),
(1181, 14004, 'img/img/Quan/quan_the_thao/14004/24CMAW.QS018.39_46.webp'),
(1182, 14004, 'img/img/Quan/quan_the_thao/14004/CM.QST.RN001.29ii.webp'),
(1183, 14004, 'img/img/Quan/quan_the_thao/14004/ultrashortiirun1_2.webp'),
(1184, 14005, 'img/img/Quan/quan_the_thao/14005/23CMCW.QJ003.16.webp'),
(1185, 14005, 'img/img/Quan/quan_the_thao/14005/23CMCW.QJ003.17.webp'),
(1186, 14005, 'img/img/Quan/quan_the_thao/14005/joggerutdanang5.webp'),
(1187, 14005, 'img/img/Quan/quan_the_thao/14005/joggerutdanang6.webp'),
(1188, 14005, 'img/img/Quan/quan_the_thao/14005/utdanangthumb232.webp'),
(1189, 14006, 'img/img/Quan/quan_the_thao/14006/CMS001.list10.webp'),
(1190, 14006, 'img/img/Quan/quan_the_thao/14006/CMS001.list11.webp'),
(1191, 14006, 'img/img/Quan/quan_the_thao/14006/CMS001.list7.webp'),
(1192, 14006, 'img/img/Quan/quan_the_thao/14006/CMS001.list8.webp'),
(1193, 14006, 'img/img/Quan/quan_the_thao/14006/CMS001.list9.webp'),
(1194, 14006, 'img/img/Quan/quan_the_thao/14006/Quan_Shorts_Nam_The_Thao_Active_logo.den.webp'),
(1195, 14007, 'img/img/Quan/quan_the_thao/14007/h1.webp'),
(1196, 14007, 'img/img/Quan/quan_the_thao/14007/h2.webp'),
(1197, 14007, 'img/img/Quan/quan_the_thao/14007/h3.webp'),
(1198, 14007, 'img/img/Quan/quan_the_thao/14007/h4.webp'),
(1199, 14007, 'img/img/Quan/quan_the_thao/14007/h5.webp'),
(1200, 14007, 'img/img/Quan/quan_the_thao/14007/h6.webp'),
(1201, 12001, 'img/img/Quan/shorts/12001/h1.webp'),
(1202, 12001, 'img/img/Quan/shorts/12001/h2.webp'),
(1203, 12001, 'img/img/Quan/shorts/12001/h3.webp'),
(1204, 12001, 'img/img/Quan/shorts/12001/h4.webp'),
(1205, 12001, 'img/img/Quan/shorts/12001/h5.webp'),
(1206, 12001, 'img/img/Quan/shorts/12001/h6.webp'),
(1207, 12002, 'img/img/Quan/shorts/12002/h1.webp'),
(1208, 12002, 'img/img/Quan/shorts/12002/h2.webp'),
(1209, 12002, 'img/img/Quan/shorts/12002/h3.webp'),
(1210, 12002, 'img/img/Quan/shorts/12002/h4.webp'),
(1211, 12002, 'img/img/Quan/shorts/12002/h5.webp'),
(1212, 12002, 'img/img/Quan/shorts/12002/h6.webp'),
(1213, 12003, 'img/img/Quan/shorts/12003/h1.webp'),
(1214, 12003, 'img/img/Quan/shorts/12003/h2.webp'),
(1215, 12003, 'img/img/Quan/shorts/12003/h3.webp'),
(1216, 12003, 'img/img/Quan/shorts/12003/h4.webp'),
(1217, 12003, 'img/img/Quan/shorts/12003/h5.webp'),
(1218, 12003, 'img/img/Quan/shorts/12003/h6.webp'),
(1219, 12004, 'img/img/Quan/shorts/12004/h1.webp'),
(1220, 12004, 'img/img/Quan/shorts/12004/h2.webp'),
(1221, 12004, 'img/img/Quan/shorts/12004/h3.webp'),
(1222, 12004, 'img/img/Quan/shorts/12004/h4.webp'),
(1223, 12004, 'img/img/Quan/shorts/12004/h5.webp'),
(1224, 12004, 'img/img/Quan/shorts/12004/h6.webp'),
(1225, 12004, 'img/img/Quan/shorts/12004/h7.webp'),
(1226, 12005, 'img/img/Quan/shorts/12005/h1.webp'),
(1227, 12005, 'img/img/Quan/shorts/12005/h2.webp'),
(1228, 12005, 'img/img/Quan/shorts/12005/h3.webp'),
(1229, 12005, 'img/img/Quan/shorts/12005/h4.webp'),
(1230, 12005, 'img/img/Quan/shorts/12005/h5.webp'),
(1231, 12005, 'img/img/Quan/shorts/12005/h6.webp'),
(1232, 12006, 'img/img/Quan/shorts/12006/h1.webp'),
(1233, 12006, 'img/img/Quan/shorts/12006/h2.webp'),
(1234, 12006, 'img/img/Quan/shorts/12006/h3.webp'),
(1235, 12006, 'img/img/Quan/shorts/12006/h4.webp'),
(1236, 12006, 'img/img/Quan/shorts/12006/h5.webp'),
(1237, 12006, 'img/img/Quan/shorts/12006/h6.webp'),
(1238, 12007, 'img/img/Quan/shorts/12007/h1.webp'),
(1239, 12007, 'img/img/Quan/shorts/12007/h2.webp'),
(1240, 12007, 'img/img/Quan/shorts/12007/h3.webp'),
(1241, 12007, 'img/img/Quan/shorts/12007/h4.webp'),
(1242, 12007, 'img/img/Quan/shorts/12007/h5.webp'),
(1243, 12007, 'img/img/Quan/shorts/12007/h6.webp');

-- --------------------------------------------------------

--
-- Table structure for table `product_quantity`
--

CREATE TABLE `product_quantity` (
  `product_id` int(11) NOT NULL,
  `size` varchar(50) DEFAULT NULL,
  `quantity` int(11) NOT NULL DEFAULT 0
) ENGINE=InnoDB DEFAULT CHARSET=utf8mb4 COLLATE=utf8mb4_general_ci;

--
-- Dumping data for table `product_quantity`
--

INSERT INTO `product_quantity` (`product_id`, `size`, `quantity`) VALUES
(11001, 'L', 0),
(11001, 'M', 61),
(11001, 'S', 98),
(11001, 'XL', 12),
(11001, 'XS', 9),
(11002, 'L', 8),
(11002, 'M', 78),
(11002, 'S', 31),
(11002, 'XL', 76),
(11002, 'XS', 92),
(11003, 'L', 12),
(11003, 'M', 6),
(11003, 'S', 57),
(11003, 'XL', 44),
(11003, 'XS', 31),
(11004, 'L', 32),
(11004, 'M', 97),
(11004, 'S', 94),
(11004, 'XL', 94),
(11004, 'XS', 81),
(11005, 'L', 26),
(11005, 'M', 66),
(11005, 'S', 96),
(11005, 'XL', 35),
(11005, 'XS', 12),
(11006, 'L', 33),
(11006, 'M', 38),
(11006, 'S', 99),
(11006, 'XL', 94),
(11006, 'XS', 16),
(11007, 'L', 88),
(11007, 'M', 90),
(11007, 'S', 5),
(11007, 'XL', 65),
(11007, 'XS', 42),
(12001, 'L', 38),
(12001, 'M', 36),
(12001, 'S', 27),
(12001, 'XL', 41),
(12001, 'XS', 62),
(12002, 'L', 25),
(12002, 'M', 11),
(12002, 'S', 19),
(12002, 'XL', 11),
(12002, 'XS', 85),
(12003, 'L', 13),
(12003, 'M', 48),
(12003, 'S', 16),
(12003, 'XL', 30),
(12003, 'XS', 37),
(12004, 'L', 89),
(12004, 'M', 5),
(12004, 'S', 20),
(12004, 'XL', 15),
(12004, 'XS', 29),
(12005, 'L', 6),
(12005, 'M', 80),
(12005, 'S', 53),
(12005, 'XL', 86),
(12005, 'XS', 33),
(12006, 'L', 63),
(12006, 'M', 85),
(12006, 'S', 5),
(12006, 'XL', 85),
(12006, 'XS', 77),
(12007, 'L', 96),
(12007, 'M', 84),
(12007, 'S', 66),
(12007, 'XL', 65),
(12007, 'XS', 87),
(13001, 'L', 91),
(13001, 'M', 65),
(13001, 'S', 12),
(13001, 'XL', 68),
(13001, 'XS', 5),
(13002, 'L', 65),
(13002, 'M', 73),
(13002, 'S', 62),
(13002, 'XL', 48),
(13002, 'XS', 62),
(13003, 'L', 51),
(13003, 'M', 68),
(13003, 'S', 75),
(13003, 'XL', 34),
(13003, 'XS', 93),
(13004, 'L', 61),
(13004, 'M', 19),
(13004, 'S', 88),
(13004, 'XL', 23),
(13004, 'XS', 78),
(13005, 'L', 51),
(13005, 'M', 93),
(13005, 'S', 16),
(13005, 'XL', 16),
(13005, 'XS', 10),
(13006, 'L', 72),
(13006, 'M', 6),
(13006, 'S', 16),
(13006, 'XL', 11),
(13006, 'XS', 16),
(14001, 'L', 8),
(14001, 'M', 49),
(14001, 'S', 31),
(14001, 'XL', 5),
(14001, 'XS', 51),
(14002, 'L', 23),
(14002, 'M', 29),
(14002, 'S', 8),
(14002, 'XL', 90),
(14002, 'XS', 5),
(14003, 'L', 91),
(14003, 'M', 99),
(14003, 'S', 43),
(14003, 'XL', 38),
(14003, 'XS', 73),
(14004, 'L', 86),
(14004, 'M', 5),
(14004, 'S', 92),
(14004, 'XL', 16),
(14004, 'XS', 50),
(14005, 'L', 58),
(14005, 'M', 30),
(14005, 'S', 32),
(14005, 'XL', 68),
(14005, 'XS', 30),
(14006, 'L', 28),
(14006, 'M', 34),
(14006, 'S', 85),
(14006, 'XL', 91),
(14006, 'XS', 98),
(14007, 'L', 68),
(14007, 'M', 79),
(14007, 'S', 25),
(14007, 'XL', 52),
(14007, 'XS', 1),
(15001, 'L', 56),
(15001, 'M', 92),
(15001, 'S', 70),
(15001, 'XL', 85),
(15001, 'XS', 9),
(15002, 'L', 75),
(15002, 'M', 21),
(15002, 'S', 77),
(15002, 'XL', 69),
(15002, 'XS', 40),
(15003, 'L', 7),
(15003, 'M', 29),
(15003, 'S', 73),
(15003, 'XL', 88),
(15003, 'XS', 76),
(15004, 'L', 11),
(15004, 'M', 83),
(15004, 'S', 33),
(15004, 'XL', 32),
(15004, 'XS', 59),
(15005, 'L', 31),
(15005, 'M', 26),
(15005, 'S', 48),
(15005, 'XL', 99),
(15005, 'XS', 65),
(15006, 'L', 24),
(15006, 'M', 81),
(15006, 'S', 38),
(15006, 'XL', 95),
(15006, 'XS', 49),
(15007, 'L', 27),
(15007, 'M', 28),
(15007, 'S', 46),
(15007, 'XL', 79),
(15007, 'XS', 47),
(21001, 'L', 61),
(21001, 'M', 95),
(21001, 'S', 15),
(21001, 'XL', 11),
(21001, 'XS', 90),
(21002, 'L', 23),
(21002, 'M', 90),
(21002, 'S', 36),
(21002, 'XL', 15),
(21002, 'XS', 8),
(21003, 'L', 31),
(21003, 'M', 64),
(21003, 'S', 33),
(21003, 'XL', 42),
(21003, 'XS', 70),
(21004, 'L', 85),
(21004, 'M', 48),
(21004, 'S', 60),
(21004, 'XL', 64),
(21004, 'XS', 27),
(21005, 'L', 33),
(21005, 'M', 50),
(21005, 'S', 99),
(21005, 'XL', 95),
(21005, 'XS', 22),
(21006, 'L', 7),
(21006, 'M', 4),
(21006, 'S', 14),
(21006, 'XL', 80),
(21006, 'XS', 28),
(22001, 'L', 38),
(22001, 'M', 68),
(22001, 'S', 72),
(22001, 'XL', 16),
(22001, 'XS', 73),
(22002, 'L', 68),
(22002, 'M', 29),
(22002, 'S', 18),
(22002, 'XL', 41),
(22002, 'XS', 82),
(22003, 'L', 26),
(22003, 'M', 41),
(22003, 'S', 75),
(22003, 'XL', 57),
(22003, 'XS', 91),
(22004, 'L', 25),
(22004, 'M', 16),
(22004, 'S', 20),
(22004, 'XL', 59),
(22004, 'XS', 10),
(22005, 'L', 46),
(22005, 'M', 56),
(22005, 'S', 74),
(22005, 'XL', 24),
(22005, 'XS', 73),
(22006, 'L', 54),
(22006, 'M', 32),
(22006, 'S', 8),
(22006, 'XL', 43),
(22006, 'XS', 37),
(22007, 'L', 32),
(22007, 'M', 91),
(22007, 'S', 20),
(22007, 'XL', 44),
(22007, 'XS', 67),
(23001, 'L', 98),
(23001, 'M', 61),
(23001, 'S', 77),
(23001, 'XL', 90),
(23001, 'XS', 20),
(23002, 'L', 95),
(23002, 'M', 29),
(23002, 'S', 21),
(23002, 'XL', 18),
(23002, 'XS', 99),
(23003, 'L', 78),
(23003, 'M', 62),
(23003, 'S', 76),
(23003, 'XL', 17),
(23003, 'XS', 37),
(23004, 'L', 6),
(23004, 'M', 21),
(23004, 'S', 15),
(23004, 'XL', 32),
(23004, 'XS', 87),
(23005, 'L', 94),
(23005, 'M', 19),
(23005, 'S', 49),
(23005, 'XL', 7),
(23005, 'XS', 21),
(23006, 'L', 51),
(23006, 'M', 34),
(23006, 'S', 96),
(23006, 'XL', 41),
(23006, 'XS', 44),
(23007, 'L', 74),
(23007, 'M', 10),
(23007, 'S', 34),
(23007, 'XL', 84),
(23007, 'XS', 57),
(24001, 'L', 16),
(24001, 'M', 47),
(24001, 'S', 81),
(24001, 'XL', 94),
(24001, 'XS', 53),
(24002, 'L', 58),
(24002, 'M', 4),
(24002, 'S', 4),
(24002, 'XL', 20),
(24002, 'XS', 94),
(24003, 'L', 43),
(24003, 'M', 81),
(24003, 'S', 78),
(24003, 'XL', 16),
(24003, 'XS', 8),
(24004, 'L', 39),
(24004, 'M', 92),
(24004, 'S', 74),
(24004, 'XL', 20),
(24004, 'XS', 59),
(24005, 'L', 64),
(24005, 'M', 17),
(24005, 'S', 37),
(24005, 'XL', 50),
(24005, 'XS', 70),
(24006, 'L', 3),
(24006, 'M', 7),
(24006, 'S', 62),
(24006, 'XL', 89),
(24006, 'XS', 72),
(25001, 'L', 21),
(25001, 'M', 83),
(25001, 'S', 97),
(25001, 'XL', 96),
(25001, 'XS', 49),
(25002, 'L', 98),
(25002, 'M', 92),
(25002, 'S', 100),
(25002, 'XL', 12),
(25002, 'XS', 29),
(25003, 'L', 24),
(25003, 'M', 14),
(25003, 'S', 9),
(25003, 'XL', 72),
(25003, 'XS', 98),
(25004, 'L', 26),
(25004, 'M', 92),
(25004, 'S', 42),
(25004, 'XL', 23),
(25004, 'XS', 1),
(25005, 'L', 59),
(25005, 'M', 18),
(25005, 'S', 85),
(25005, 'XL', 98),
(25005, 'XS', 11),
(25006, 'L', 15),
(25006, 'M', 12),
(25006, 'S', 99),
(25006, 'XL', 19),
(25006, 'XS', 50),
(25007, 'L', 100),
(25007, 'M', 8),
(25007, 'S', 37),
(25007, 'XL', 3),
(25007, 'XS', 19),
(31001, NULL, 0),
(31002, NULL, 14),
(31003, NULL, 80),
(31004, NULL, 56),
(31005, NULL, 40),
(31006, NULL, 31),
(31007, NULL, 34),
(32001, '39', 80),
(32001, '40', 71),
(32001, '41', 6),
(32001, '42', 99),
(32001, '43', 48),
(32001, '44', 56),
(32001, '45', 53),
(32001, '46', 96),
(32001, '47', 26),
(32001, '48', 92),
(32001, '49', 10),
(32001, '50', 22),
(32002, '39', 5),
(32002, '40', 55),
(32002, '41', 46),
(32002, '42', 29),
(32002, '43', 86),
(32002, '44', 8),
(32002, '45', 69),
(32002, '46', 73),
(32002, '47', 60),
(32002, '48', 78),
(32002, '49', 66),
(32002, '50', 10),
(32003, '39', 85),
(32003, '40', 59),
(32003, '41', 12),
(32003, '42', 49),
(32003, '43', 85),
(32003, '44', 72),
(32003, '45', 87),
(32003, '46', 75),
(32003, '47', 21),
(32003, '48', 14),
(32003, '49', 100),
(32003, '50', 83),
(32004, '39', 9),
(32004, '40', 30),
(32004, '41', 23),
(32004, '42', 56),
(32004, '43', 69),
(32004, '44', 34),
(32004, '45', 25),
(32004, '46', 55),
(32004, '47', 27),
(32004, '48', 34),
(32004, '49', 1),
(32004, '50', 87),
(32005, '39', 92),
(32005, '40', 71),
(32005, '41', 77),
(32005, '42', 31),
(32005, '43', 87),
(32005, '44', 53),
(32005, '45', 66),
(32005, '46', 51),
(32005, '47', 72),
(32005, '48', 30),
(32005, '49', 6),
(32005, '50', 83),
(32006, '39', 31),
(32006, '40', 66),
(32006, '41', 15),
(32006, '42', 89),
(32006, '43', 29),
(32006, '44', 64),
(32006, '45', 52),
(32006, '46', 91),
(32006, '47', 76),
(32006, '48', 48),
(32006, '49', 26),
(32006, '50', 54),
(32007, '39', 79),
(32007, '40', 18),
(32007, '41', 43),
(32007, '42', 51),
(32007, '43', 82),
(32007, '44', 61),
(32007, '45', 64),
(32007, '46', 99),
(32007, '47', 63),
(32007, '48', 50),
(32007, '49', 11),
(32007, '50', 21),
(33001, 'L', 52),
(33001, 'M', 2),
(33001, 'S', 88),
(33001, 'XL', 58),
(33001, 'XS', 45),
(33002, 'L', 59),
(33002, 'M', 84),
(33002, 'S', 27),
(33002, 'XL', 79),
(33002, 'XS', 65),
(33003, 'L', 41),
(33003, 'M', 16),
(33003, 'S', 71),
(33003, 'XL', 20),
(33003, 'XS', 90),
(33004, 'L', 27),
(33004, 'M', 25),
(33004, 'S', 75),
(33004, 'XL', 62),
(33004, 'XS', 54),
(41001, '39', 1),
(41001, '40', 92),
(41001, '41', 71),
(41001, '42', 88),
(41001, '43', 24),
(41001, '44', 10),
(41001, '45', 62),
(41001, '46', 23),
(41001, '47', 87),
(41001, '48', 6),
(41001, '49', 76),
(41001, '50', 42),
(41002, '39', 68),
(41002, '40', 3),
(41002, '41', 24),
(41002, '42', 84),
(41002, '43', 71),
(41002, '44', 69),
(41002, '45', 16),
(41002, '46', 16),
(41002, '47', 46),
(41002, '48', 78),
(41002, '49', 47),
(41002, '50', 47),
(41003, '39', 38),
(41003, '40', 41),
(41003, '41', 9),
(41003, '42', 57),
(41003, '43', 85),
(41003, '44', 12),
(41003, '45', 96),
(41003, '46', 11),
(41003, '47', 70),
(41003, '48', 73),
(41003, '49', 6),
(41003, '50', 10),
(41004, '39', 85),
(41004, '40', 93),
(41004, '41', 72),
(41004, '42', 34),
(41004, '43', 11),
(41004, '44', 53),
(41004, '45', 29),
(41004, '46', 8),
(41004, '47', 11),
(41004, '48', 30),
(41004, '49', 90),
(41004, '50', 7),
(41005, '39', 11),
(41005, '40', 42),
(41005, '41', 34),
(41005, '42', 97),
(41005, '43', 97),
(41005, '44', 31),
(41005, '45', 56),
(41005, '46', 7),
(41005, '47', 45),
(41005, '48', 30),
(41005, '49', 30),
(41005, '50', 4),
(41006, '39', 98),
(41006, '40', 31),
(41006, '41', 51),
(41006, '42', 81),
(41006, '43', 54),
(41006, '44', 94),
(41006, '45', 93),
(41006, '46', 10),
(41006, '47', 91),
(41006, '48', 58),
(41006, '49', 81),
(41006, '50', 1),
(42001, '39', 56),
(42001, '40', 29),
(42001, '41', 53),
(42001, '42', 13),
(42001, '43', 78),
(42001, '44', 75),
(42001, '45', 95),
(42001, '46', 29),
(42001, '47', 18),
(42001, '48', 1),
(42001, '49', 14),
(42001, '50', 89),
(42002, '39', 87),
(42002, '40', 52),
(42002, '41', 13),
(42002, '42', 25),
(42002, '43', 26),
(42002, '44', 93),
(42002, '45', 96),
(42002, '46', 14),
(42002, '47', 18),
(42002, '48', 29),
(42002, '49', 25),
(42002, '50', 44),
(42003, '39', 66),
(42003, '40', 73),
(42003, '41', 5),
(42003, '42', 82),
(42003, '43', 97),
(42003, '44', 39),
(42003, '45', 97),
(42003, '46', 83),
(42003, '47', 36),
(42003, '48', 43),
(42003, '49', 83),
(42003, '50', 51),
(42004, '39', 66),
(42004, '40', 9),
(42004, '41', 83),
(42004, '42', 36),
(42004, '43', 6),
(42004, '44', 17),
(42004, '45', 96),
(42004, '46', 72),
(42004, '47', 25),
(42004, '48', 27),
(42004, '49', 41),
(42004, '50', 25),
(42005, '39', 35),
(42005, '40', 22),
(42005, '41', 2),
(42005, '42', 34),
(42005, '43', 38),
(42005, '44', 68),
(42005, '45', 87),
(42005, '46', 9),
(42005, '47', 16),
(42005, '48', 7),
(42005, '49', 56),
(42005, '50', 69),
(42006, '39', 75),
(42006, '40', 86),
(42006, '41', 61),
(42006, '42', 62),
(42006, '43', 70),
(42006, '44', 88),
(42006, '45', 46),
(42006, '46', 31),
(42006, '47', 3),
(42006, '48', 53),
(42006, '49', 55),
(42006, '50', 72),
(42007, '39', 68),
(42007, '40', 64),
(42007, '41', 98),
(42007, '42', 6),
(42007, '43', 37),
(42007, '44', 36),
(42007, '45', 69),
(42007, '46', 27),
(42007, '47', 68),
(42007, '48', 43),
(42007, '49', 6),
(42007, '50', 52),
(43001, '39', 14),
(43001, '40', 61),
(43001, '41', 4),
(43001, '42', 44),
(43001, '43', 74),
(43001, '44', 16),
(43001, '45', 8),
(43001, '46', 42),
(43001, '47', 30),
(43001, '48', 57),
(43001, '49', 66),
(43001, '50', 43),
(43002, '39', 68),
(43002, '40', 12),
(43002, '41', 29),
(43002, '42', 2),
(43002, '43', 58),
(43002, '44', 70),
(43002, '45', 32),
(43002, '46', 27),
(43002, '47', 46),
(43002, '48', 54),
(43002, '49', 9),
(43002, '50', 57),
(43003, '39', 95),
(43003, '40', 78),
(43003, '41', 31),
(43003, '42', 77),
(43003, '43', 69),
(43003, '44', 4),
(43003, '45', 34),
(43003, '46', 8),
(43003, '47', 38),
(43003, '48', 99),
(43003, '49', 48),
(43003, '50', 55),
(43004, '39', 72),
(43004, '40', 53),
(43004, '41', 68),
(43004, '42', 79),
(43004, '43', 70),
(43004, '44', 8),
(43004, '45', 74),
(43004, '46', 61),
(43004, '47', 51),
(43004, '48', 33),
(43004, '49', 11),
(43004, '50', 4),
(43005, '39', 76),
(43005, '40', 31),
(43005, '41', 45),
(43005, '42', 64),
(43005, '43', 42),
(43005, '44', 28),
(43005, '45', 67),
(43005, '46', 78),
(43005, '47', 43),
(43005, '48', 67),
(43005, '49', 10),
(43005, '50', 54),
(43006, '39', 63),
(43006, '40', 94),
(43006, '41', 22),
(43006, '42', 82),
(43006, '43', 99),
(43006, '44', 16),
(43006, '45', 11),
(43006, '46', 10),
(43006, '47', 59),
(43006, '48', 37),
(43006, '49', 17),
(43006, '50', 57),
(44001, '39', 85),
(44001, '40', 79),
(44001, '41', 73),
(44001, '42', 16),
(44001, '43', 70),
(44001, '44', 95),
(44001, '45', 55),
(44001, '46', 12),
(44001, '47', 66),
(44001, '48', 82),
(44001, '49', 56),
(44001, '50', 25),
(44002, '39', 38),
(44002, '40', 12),
(44002, '41', 100),
(44002, '42', 34),
(44002, '43', 52),
(44002, '44', 28),
(44002, '45', 43),
(44002, '46', 29),
(44002, '47', 54),
(44002, '48', 99),
(44002, '49', 28),
(44002, '50', 52),
(44003, '39', 31),
(44003, '40', 21),
(44003, '41', 79),
(44003, '42', 21),
(44003, '43', 50),
(44003, '44', 56),
(44003, '45', 47),
(44003, '46', 10),
(44003, '47', 70),
(44003, '48', 48),
(44003, '49', 70),
(44003, '50', 86),
(44004, '39', 43),
(44004, '40', 69),
(44004, '41', 96),
(44004, '42', 5),
(44004, '43', 93),
(44004, '44', 92),
(44004, '45', 8),
(44004, '46', 64),
(44004, '47', 90),
(44004, '48', 44),
(44004, '49', 67),
(44004, '50', 72),
(44005, '39', 23),
(44005, '40', 84),
(44005, '41', 42),
(44005, '42', 61),
(44005, '43', 16),
(44005, '44', 92),
(44005, '45', 98),
(44005, '46', 87),
(44005, '47', 38),
(44005, '48', 76),
(44005, '49', 22),
(44005, '50', 3),
(44006, '39', 83),
(44006, '40', 9),
(44006, '41', 23),
(44006, '42', 89),
(44006, '43', 99),
(44006, '44', 85),
(44006, '45', 65),
(44006, '46', 45),
(44006, '47', 20),
(44006, '48', 48),
(44006, '49', 12),
(44006, '50', 97),
(44007, '39', 47),
(44007, '40', 93),
(44007, '41', 88),
(44007, '42', 62),
(44007, '43', 45),
(44007, '44', 48),
(44007, '45', 30),
(44007, '46', 60),
(44007, '47', 86),
(44007, '48', 11),
(44007, '49', 90),
(44007, '50', 75),
(45001, '39', 84),
(45001, '40', 38),
(45001, '41', 72),
(45001, '42', 41),
(45001, '43', 28),
(45001, '44', 84),
(45001, '45', 56),
(45001, '46', 68),
(45001, '47', 70),
(45001, '48', 10),
(45001, '49', 16),
(45001, '50', 84),
(45002, '39', 77),
(45002, '40', 13),
(45002, '41', 93),
(45002, '42', 21),
(45002, '43', 3),
(45002, '44', 74),
(45002, '45', 88),
(45002, '46', 57),
(45002, '47', 92),
(45002, '48', 17),
(45002, '49', 11),
(45002, '50', 96),
(45003, '39', 36),
(45003, '40', 47),
(45003, '41', 50),
(45003, '42', 80),
(45003, '43', 32),
(45003, '44', 18),
(45003, '45', 71),
(45003, '46', 82),
(45003, '47', 48),
(45003, '48', 55),
(45003, '49', 3),
(45003, '50', 26),
(45004, '39', 46),
(45004, '40', 97),
(45004, '41', 68),
(45004, '42', 37),
(45004, '43', 50),
(45004, '44', 67),
(45004, '45', 93),
(45004, '46', 37),
(45004, '47', 63),
(45004, '48', 24),
(45004, '49', 82),
(45004, '50', 42),
(45005, '39', 21),
(45005, '40', 44),
(45005, '41', 92),
(45005, '42', 46),
(45005, '43', 55),
(45005, '44', 80),
(45005, '45', 50),
(45005, '46', 40),
(45005, '47', 70),
(45005, '48', 53),
(45005, '49', 3),
(45005, '50', 30),
(45006, '39', 67),
(45006, '40', 28),
(45006, '41', 55),
(45006, '42', 17),
(45006, '43', 25),
(45006, '44', 99),
(45006, '45', 69),
(45006, '46', 89),
(45006, '47', 60),
(45006, '48', 94),
(45006, '49', 66),
(45006, '50', 22);

-- --------------------------------------------------------

--
-- Table structure for table `users`
--

CREATE TABLE `users` (
  `user_id` int(11) NOT NULL,
  `email` varchar(100) NOT NULL,
  `password_hash` varchar(255) NOT NULL,
  `first_name` varchar(50) NOT NULL,
  `last_name` varchar(50) NOT NULL,
  `created_at` datetime NOT NULL DEFAULT current_timestamp(),
  `user_type` enum('Customer','Admin') NOT NULL,
  `phone_number` varchar(15) DEFAULT NULL,
  `avatar_img_link` varchar(255) DEFAULT 'img/shop/account/default.png'
) ENGINE=InnoDB DEFAULT CHARSET=utf8mb4 COLLATE=utf8mb4_general_ci;

--
-- Dumping data for table `users`
--

INSERT INTO `users` (`user_id`, `email`, `password_hash`, `first_name`, `last_name`, `created_at`, `user_type`, `phone_number`, `avatar_img_link`) VALUES
(1, 'jdoe@example.com', 'hashed_password_123', 'John', 'Doe', '2024-11-01 09:37:30', 'Customer', NULL, 'img/shop/account/default.png'),
(2, 'asmith@example.com', 'hashed_password_456', 'Alice', 'Smith', '2024-11-01 09:37:30', 'Customer', NULL, 'img/shop/account/default.png'),
(3, 'admin1@example.com', 'a665a45920422f9d417e4867efdc4fb8a04a1f3fff1fa07e998e86f7f7a27ae3', 'Admin', 'User', '2024-11-01 09:37:30', 'Admin', '00000', 'img/shop/account/default.png'),
(4, 'a@a', 'f6e0a1e2ac41945a9aa7ff8a8aaa0cebc12a3bcc981a929ad5cf810a090e11ae', 'aa', 'aa', '2024-11-01 12:36:34', 'Customer', '1111', 'img/shop/account/default.png'),
(5, 'b@b', 'a665a45920422f9d417e4867efdc4fb8a04a1f3fff1fa07e998e86f7f7a27ae3', 'bbbbb', 'bbbb', '2024-11-02 20:48:31', 'Customer', '11344', 'img/shop/account/default.png'),
(10, 'c@c', 'a665a45920422f9d417e4867efdc4fb8a04a1f3fff1fa07e998e86f7f7a27ae3', 'cpp', 'cpp', '2024-11-15 20:33:47', 'Customer', '123', 'img/shop/account/default.png'),
(11, 'd@d', 'a665a45920422f9d417e4867efdc4fb8a04a1f3fff1fa07e998e86f7f7a27ae3', 'd@d', 'd@d', '2024-11-15 20:35:36', 'Customer', '123', 'img/shop/account/default.png');

-- --------------------------------------------------------

--
-- Table structure for table `user_payment_methods`
--

CREATE TABLE `user_payment_methods` (
  `payment_method_id` int(11) NOT NULL,
  `user_id` int(11) NOT NULL,
  `card_number` varchar(20) DEFAULT NULL,
  `card_holder_name` varchar(100) DEFAULT NULL,
  `expiration_date` date DEFAULT NULL,
  `cvc` int(3) DEFAULT NULL
) ENGINE=InnoDB DEFAULT CHARSET=utf8mb4 COLLATE=utf8mb4_general_ci;

--
-- Dumping data for table `user_payment_methods`
--

INSERT INTO `user_payment_methods` (`payment_method_id`, `user_id`, `card_number`, `card_holder_name`, `expiration_date`, `cvc`) VALUES
(5, 5, '213421321', '3213123', '2012-12-01', NULL),
(9, 5, '23123123', '123', '2011-11-01', 222),
(11, 5, '213123', '123', '2022-12-01', 233);

-- --------------------------------------------------------

--
-- Table structure for table `user_shipping_addresses`
--

CREATE TABLE `user_shipping_addresses` (
  `address_id` int(11) NOT NULL,
  `user_id` int(11) NOT NULL,
  `first_name` varchar(50) NOT NULL,
  `last_name` varchar(50) NOT NULL,
  `email` varchar(100) NOT NULL,
  `phone_number` varchar(15) NOT NULL,
  `city` varchar(100) NOT NULL,
  `district` varchar(100) NOT NULL,
  `ward` varchar(100) NOT NULL,
  `detailed_address` varchar(255) NOT NULL
) ENGINE=InnoDB DEFAULT CHARSET=utf8mb4 COLLATE=utf8mb4_general_ci;

--
-- Dumping data for table `user_shipping_addresses`
--

INSERT INTO `user_shipping_addresses` (`address_id`, `user_id`, `first_name`, `last_name`, `email`, `phone_number`, `city`, `district`, `ward`, `detailed_address`) VALUES
(4, 5, 'ádasd', 'ádasd', '1@B', '123', '02', '027', '00799', 'vippro'),
(5, 5, 'ád', 'ad', 'd@a', 'dđ', '04', '040', '01693', 'sad'),
(6, 5, 'dd', 'dsa', 'dasv@a', 'vx', '02', '028', '00838', 'ss'),
(7, 5, 'qwe', 'qwe', 'qwe2Q@Qe', '111', '22', '206', '07183', 'aqw'),
(8, 5, 'vvv', 'vv', 'v@bv', '111', '10', '088', '03046', '1'),
(9, 5, 'ff', 'ff', 'ff@gg', '121', '26', '248', '08926', 'we');

--
-- Indexes for dumped tables
--

--
-- Indexes for table `carts`
--
ALTER TABLE `carts`
  ADD PRIMARY KEY (`cart_id`),
  ADD UNIQUE KEY `user_id` (`user_id`),
  ADD KEY `idx_cart_user_id` (`user_id`);

--
-- Indexes for table `cart_items`
--
ALTER TABLE `cart_items`
  ADD PRIMARY KEY (`cart_item_id`),
  ADD KEY `idx_cart_id` (`cart_id`),
  ADD KEY `idx_product_cart` (`product_id`);

--
-- Indexes for table `categories`
--
ALTER TABLE `categories`
  ADD PRIMARY KEY (`category_id`),
  ADD UNIQUE KEY `category_name` (`category_name`),
  ADD KEY `parent_category_id` (`parent_category_id`);

--
-- Indexes for table `orders`
--
ALTER TABLE `orders`
  ADD PRIMARY KEY (`order_id`),
  ADD KEY `idx_user_id` (`user_id`),
  ADD KEY `address_id_fk` (`address_id`),
  ADD KEY `payment_method_id_fk` (`payment_method_id`);

--
-- Indexes for table `order_items`
--
ALTER TABLE `order_items`
  ADD PRIMARY KEY (`order_item_id`),
  ADD KEY `idx_order_id` (`order_id`),
  ADD KEY `idx_product_id` (`product_id`);

--
-- Indexes for table `products`
--
ALTER TABLE `products`
  ADD PRIMARY KEY (`product_id`),
  ADD KEY `idx_category_id` (`category_id`);
ALTER TABLE `products` ADD FULLTEXT KEY `idx_product_name_desc` (`name`,`description`);

--
-- Indexes for table `product_images`
--
ALTER TABLE `product_images`
  ADD PRIMARY KEY (`image_id`),
  ADD KEY `product_id` (`product_id`);

--
-- Indexes for table `product_quantity`
--
ALTER TABLE `product_quantity`
  ADD KEY `idx_product_id` (`product_id`);

--
-- Indexes for table `users`
--
ALTER TABLE `users`
  ADD PRIMARY KEY (`user_id`),
  ADD UNIQUE KEY `email` (`email`);

--
-- Indexes for table `user_payment_methods`
--
ALTER TABLE `user_payment_methods`
  ADD PRIMARY KEY (`payment_method_id`),
  ADD KEY `user_id_fk` (`user_id`);

--
-- Indexes for table `user_shipping_addresses`
--
ALTER TABLE `user_shipping_addresses`
  ADD PRIMARY KEY (`address_id`),
  ADD KEY `user_id_fk` (`user_id`);

--
-- AUTO_INCREMENT for dumped tables
--

--
-- AUTO_INCREMENT for table `carts`
--
ALTER TABLE `carts`
  MODIFY `cart_id` int(11) NOT NULL AUTO_INCREMENT, AUTO_INCREMENT=13;

--
-- AUTO_INCREMENT for table `cart_items`
--
ALTER TABLE `cart_items`
  MODIFY `cart_item_id` int(11) NOT NULL AUTO_INCREMENT, AUTO_INCREMENT=11;

--
-- AUTO_INCREMENT for table `categories`
--
ALTER TABLE `categories`
  MODIFY `category_id` int(11) NOT NULL AUTO_INCREMENT, AUTO_INCREMENT=4005;

--
-- AUTO_INCREMENT for table `orders`
--
ALTER TABLE `orders`
  MODIFY `order_id` int(11) NOT NULL AUTO_INCREMENT, AUTO_INCREMENT=5;

--
-- AUTO_INCREMENT for table `order_items`
--
ALTER TABLE `order_items`
  MODIFY `order_item_id` int(11) NOT NULL AUTO_INCREMENT, AUTO_INCREMENT=10;

--
-- AUTO_INCREMENT for table `products`
--
ALTER TABLE `products`
  MODIFY `product_id` int(11) NOT NULL AUTO_INCREMENT, AUTO_INCREMENT=45007;

--
-- AUTO_INCREMENT for table `product_images`
--
ALTER TABLE `product_images`
  MODIFY `image_id` int(11) NOT NULL AUTO_INCREMENT, AUTO_INCREMENT=1244;

--
-- AUTO_INCREMENT for table `users`
--
ALTER TABLE `users`
  MODIFY `user_id` int(11) NOT NULL AUTO_INCREMENT, AUTO_INCREMENT=12;

--
-- AUTO_INCREMENT for table `user_payment_methods`
--
ALTER TABLE `user_payment_methods`
  MODIFY `payment_method_id` int(11) NOT NULL AUTO_INCREMENT, AUTO_INCREMENT=15;

--
-- AUTO_INCREMENT for table `user_shipping_addresses`
--
ALTER TABLE `user_shipping_addresses`
  MODIFY `address_id` int(11) NOT NULL AUTO_INCREMENT, AUTO_INCREMENT=10;

--
-- Constraints for dumped tables
--

--
-- Constraints for table `carts`
--
ALTER TABLE `carts`
  ADD CONSTRAINT `carts_ibfk_1` FOREIGN KEY (`user_id`) REFERENCES `users` (`user_id`);

--
-- Constraints for table `cart_items`
--
ALTER TABLE `cart_items`
  ADD CONSTRAINT `cart_items_ibfk_1` FOREIGN KEY (`cart_id`) REFERENCES `carts` (`cart_id`),
  ADD CONSTRAINT `cart_items_ibfk_2` FOREIGN KEY (`product_id`) REFERENCES `products` (`product_id`);

--
-- Constraints for table `categories`
--
ALTER TABLE `categories`
  ADD CONSTRAINT `categories_ibfk_1` FOREIGN KEY (`parent_category_id`) REFERENCES `categories` (`category_id`) ON DELETE SET NULL;

--
-- Constraints for table `orders`
--
ALTER TABLE `orders`
  ADD CONSTRAINT `address_id_fk` FOREIGN KEY (`address_id`) REFERENCES `user_shipping_addresses` (`address_id`) ON DELETE SET NULL,
  ADD CONSTRAINT `orders_ibfk_1` FOREIGN KEY (`user_id`) REFERENCES `users` (`user_id`),
  ADD CONSTRAINT `payment_method_id_fk` FOREIGN KEY (`payment_method_id`) REFERENCES `user_payment_methods` (`payment_method_id`) ON DELETE SET NULL;

--
-- Constraints for table `order_items`
--
ALTER TABLE `order_items`
  ADD CONSTRAINT `order_items_ibfk_1` FOREIGN KEY (`order_id`) REFERENCES `orders` (`order_id`),
  ADD CONSTRAINT `order_items_ibfk_2` FOREIGN KEY (`product_id`) REFERENCES `products` (`product_id`);

--
-- Constraints for table `products`
--
ALTER TABLE `products`
  ADD CONSTRAINT `products_ibfk_1` FOREIGN KEY (`category_id`) REFERENCES `categories` (`category_id`);

--
-- Constraints for table `product_images`
--
ALTER TABLE `product_images`
  ADD CONSTRAINT `product_images_ibfk_1` FOREIGN KEY (`product_id`) REFERENCES `products` (`product_id`) ON DELETE CASCADE;

--
-- Constraints for table `product_quantity`
--
ALTER TABLE `product_quantity`
  ADD CONSTRAINT `product_quantity_ibfk_1` FOREIGN KEY (`product_id`) REFERENCES `products` (`product_id`) ON DELETE CASCADE;

--
-- Constraints for table `user_payment_methods`
--
ALTER TABLE `user_payment_methods`
  ADD CONSTRAINT `user_id_fk_payment` FOREIGN KEY (`user_id`) REFERENCES `users` (`user_id`) ON DELETE CASCADE;

--
-- Constraints for table `user_shipping_addresses`
--
ALTER TABLE `user_shipping_addresses`
  ADD CONSTRAINT `user_id_fk` FOREIGN KEY (`user_id`) REFERENCES `users` (`user_id`) ON DELETE CASCADE;
COMMIT;

/*!40101 SET CHARACTER_SET_CLIENT=@OLD_CHARACTER_SET_CLIENT */;
/*!40101 SET CHARACTER_SET_RESULTS=@OLD_CHARACTER_SET_RESULTS */;
/*!40101 SET COLLATION_CONNECTION=@OLD_COLLATION_CONNECTION */;
